,O14793,O60635,P07585,P08727,P14136,P18627,P24387,P52823,P55259,Q92820,Q969V3,Q96NZ8,Q99748,Q9NZV1,Q9P0M4,Q9UGM5,Q9Y653,Class Label
0,-2.5061,-0.5249,-2.8297,-1.8014,-0.7651,-1.101,-3.1045,-1.5906,-1.9518,-1.7076,-0.3807,-2.2164,0.042,-2.2031,-1.8066,-1.9304,-2.686,0
1,-2.1944,-0.466,-2.1921,-1.6734,-1.6108,-0.4854,-2.9702,0.129,-1.5554,-0.9491,-0.1009,-1.5408,0.2893,-2.0296,-2.127,-1.92,-2.9263,0
2,-1.5425,-0.6516,-1.8498,-0.8894,-0.977,0.3179,-2.1134,0.2898,-2.0926,-0.9651,-0.5797,-2.1449,-0.5844,-0.5615,-0.6538,-1.2569,-2.2744,0
3,-1.1607,-0.5478,-2.1312,0.6776,-1.1503,-0.8096,-2.3749,0.7255,-1.4699,-1.0308,-0.5835,-2.298,-0.4232,-1.1429,-2.604,-1.5945,-1.5901,0
4,-2.1913,-0.3659,-2.2969,-2.5475,-1.1478,-1.7919,-2.7755,-1.4633,-1.0608,-1.5666,-0.6878,-1.1996,-0.9146,-1.9053,-1.8342,-1.5268,-2.0379,0
5,-2.1516,-0.0694,-0.5664,-1.3331,0.158,-0.4112,-2.4796,-0.7232,-0.8851,-1.5768,-0.239,-1.9743,0.6024,-0.8582,-0.5331,-2.2083,-0.3322,0
6,-1.9252,1.3093,-2.6399,-1.9356,-1.62,-2.2442,-2.0863,-1.6887,-1.3811,-1.0497,-0.3384,-1.9752,-0.1638,-1.8974,-1.5658,-1.5981,-0.0394,0
7,-2.3376,-0.3254,-1.5108,0.712,-0.7732,2.6966,-3.9927,0.7795,2.121,-2.9601,-0.4673,-1.8262,0.1015,0.2688,0.2298,-2.7922,-1.6884,0
8,-1.3186,-0.243,-1.102,1.8979,-1.1913,0.9551,-2.0964,0.6759,-1.7817,-1.077,-0.5377,-2.2117,0.2214,-0.3096,-0.5346,-2.3062,0.4885,0
9,-2.9397,-0.4512,-1.9825,-1.4018,0.0404,0.0543,-2.6566,-1.3683,-0.9264,-1.6567,-0.3601,-2.5027,-1.3271,-1.2251,-1.4281,-1.9228,-2.634,0
10,-2.746,-0.5319,-3.2476,-2.2409,-0.6708,-0.9891,-2.7896,-1.821,-0.7049,-2.3543,-0.3941,-1.492,-0.417,-2.0154,-2.0576,-2.7505,-2.3418,0
11,-2.1619,0.4001,-1.1246,-0.9515,-0.898,0.4226,-1.8153,-1.503,-0.0926,-2.005,0.7419,-2.2208,-0.4569,-0.8546,-1.2532,-1.7782,-0.3552,0
12,-2.4154,-0.5338,-1.6282,-0.9688,0.7451,-0.6937,-1.5223,-0.1548,0.5265,-0.4903,-0.533,-2.4536,-0.4544,-0.383,-0.2798,-1.6966,0.811,0
13,-2.3572,-0.154,-1.5713,-0.9121,-0.4953,-0.7865,-1.9342,-1.1618,-1.9932,-0.7213,-0.2598,-3.0007,0.3478,-1.5993,-1.1169,-1.4758,-1.2235,0
14,-3.2812,-0.6865,-1.4895,-0.9237,-0.5176,0.4775,-2.7414,-1.2996,-2.0117,-1.2766,-0.0188,-1.4247,0.0092,-1.6179,-0.8708,-2.294,0.7409,0
15,-3.4874,-0.5761,-1.3794,-0.8406,0.126,-0.6899,-2.6206,-0.3299,-0.819,-2.0671,-0.1196,-2.4768,0.4093,-0.4807,-0.7308,-1.9992,0.3453,0
16,-0.9362,-0.3698,-0.9838,1.2164,0.381,1.096,-2.3579,-0.0348,-0.2763,1.4135,-0.2804,-2.1358,0.2132,-0.6678,0.2867,-1.7147,0.7563,0
17,-2.2089,-0.3803,-0.3317,-0.0818,0.0492,0.0426,-1.6185,-0.2383,-0.431,-1.497,-0.4613,-0.9232,-0.206,-0.5142,1.6519,-3.537,-0.4875,0
18,-3.2927,-0.5298,-2.1057,-0.1718,-1.2867,-0.2468,-2.3311,-1.1442,0.1909,-0.907,-0.5852,-2.9073,-0.314,-1.5082,-1.2732,-1.3658,-2.3941,0
19,-1.9923,0.0557,-2.4795,-2.136,-1.6155,-1.5527,-2.2009,-0.5193,-2.35,-1.7285,-0.8803,-1.6648,-0.5332,-2.113,-0.9941,-2.2689,-2.5527,0
20,-2.1562,-0.5123,-1.5091,2.7585,-1.5578,0.9474,-2.3334,0.0619,-1.8753,-1.1989,-0.7876,-2.5477,0.4812,-0.3486,-0.8581,-2.2945,-1.3806,0
21,-2.7431,-0.7125,-2.3644,0.5294,-1.1081,0.659,-2.0414,0.1803,-2.3148,-0.4888,-1.1222,-2.0905,0.9086,-1.5005,-1.4254,-2.2309,-1.4878,0
22,-3.2648,-0.3379,-2.3466,-1.6883,-1.0901,-1.3058,-2.0465,-1.6136,-2.3094,-0.4411,-0.6509,-2.4888,-0.0382,-2.0192,-0.2189,-3.1239,-2.624,0
23,-2.4291,-0.4488,0.0937,0.4,0.6488,1.1594,-1.9107,0.6345,-1.4042,-0.1446,-0.4412,-2.5013,0.4309,-0.2415,0.0949,-1.8209,0.92,0
24,-2.1312,-0.5921,-1.7024,-1.6008,-1.3862,-0.1645,-2.6473,-1.5525,-1.6687,-2.0772,-0.3666,-2.3633,-0.6138,-1.3362,-1.7853,-2.3518,-2.2089,0
25,-2.8342,-0.4203,-1.5109,0.3835,0.6477,-0.3905,-2.6111,-0.7555,-1.3765,-0.7889,-0.2291,-1.9036,0.258,-0.9371,-0.8594,-1.6232,-0.3697,0
26,-1.4614,-0.4407,-1.5737,-0.6728,-1.3534,0.0791,-2.0036,-0.647,-1.5292,-0.0327,-0.8271,-1.279,0.2025,-1.4181,-1.771,-1.8909,-1.9856,0
27,-2.7595,-0.5005,-2.6665,-1.0028,-0.9432,-1.7387,-3.0238,-2.0554,-1.1191,-2.3958,-0.524,-2.2049,0.2938,-1.975,-2.1403,-2.2597,-2.6657,0
28,-3.2955,-0.4692,-1.4197,2.327,-0.6794,-0.5356,-1.9422,-0.3761,2.0859,-1.7093,-0.2311,-2.5587,-0.4076,-0.8361,-0.4286,-2.7923,0.724,0
29,-2.2498,-0.5418,-2.0886,1.3373,-1.2513,0.3183,-2.2699,-0.1605,-2.0896,-0.3885,-0.3076,-1.8124,-0.0981,-1.4788,-1.2526,-0.6083,-1.4142,0
30,-2.2788,-0.4103,-2.2409,-0.9011,0.0029,0.4143,-2.2088,-1.7484,-0.8248,-1.3794,2.0945,-2.172,0.3225,-1.0045,-0.4277,-1.3575,-0.9516,0
31,-2.9031,-0.2177,-1.5405,2.3232,0.7021,-0.224,-1.5877,-0.0687,-0.9085,-2.2015,-0.3364,-1.5153,0.2481,-0.3497,-0.7159,-1.7117,-2.3992,0
32,-1.5839,-0.2899,-2.3771,-1.4838,-1.1469,-0.5417,-2.2582,-1.0272,-1.6479,-1.0616,-0.8465,-1.2797,-0.5223,-1.6049,0.4643,-1.9594,-2.6264,0
33,-3.0858,-0.3272,1.1527,3.2453,2.6116,0.02,-2.0138,2.3746,1.2906,-1.1931,-0.3758,-3.4142,0.2291,0.2518,3.5425,-3.5332,-0.1208,0
34,-3.267,-0.016,-0.4917,-1.0321,-0.5953,-0.3598,-2.475,0.2761,-0.9761,-1.7181,0.3831,-3.395,0.1153,-0.1781,-0.7792,-1.8723,-0.1469,0
35,-1.2208,-0.2673,-2.5431,2.4025,-1.05,-1.2861,-1.284,-0.1039,-1.4451,-1.0931,-0.39,-2.0329,-0.1738,-1.0597,-1.1333,-1.8387,-2.6336,0
36,-2.4495,-0.3387,-1.2278,2.3377,-0.1869,0.4258,-1.6478,0.7707,-0.8346,-1.3387,-0.2306,-2.6601,-0.0811,-0.5768,-1.4618,-2.6427,2.2021,0
37,-3.3146,-0.7439,-2.7471,-0.7759,-0.2844,-0.7328,-2.2782,-1.5643,-1.0459,-1.5105,-0.923,-2.3409,-1.0666,-1.5001,-2.3139,-1.9878,-2.5304,0
38,-1.6119,-0.8293,-2.1643,-1.1688,-1.0904,-1.1418,-1.6942,-1.5174,-0.7601,-0.6179,0.0194,-2.6221,0.3987,-1.3049,-1.0883,-0.6412,-2.0457,0
39,-2.8627,-0.08,-0.2834,0.1642,-0.6277,-0.0222,-1.2206,-0.3686,-1.0227,-0.998,-0.1019,-2.3749,0.1717,-0.9892,-0.5944,-2.253,1.239,0
40,-1.6043,4.5702,-1.377,3.8743,-0.007,0.3349,-2.4542,0.3586,1.8285,-1.6933,-0.4258,-2.5276,-0.5813,-0.9667,-0.7155,-2.6021,2.2478,0
41,-1.4918,-0.3007,-0.6947,2.5852,0.1802,0.9496,-1.534,0.4423,-0.1938,-1.4393,-0.3954,-2.9803,-0.0401,-0.1586,-0.7795,-1.4584,-1.1646,0
42,-3.2896,-0.4644,-1.878,-0.8912,-0.3151,-1.1773,-1.8369,-0.541,-1.6665,0.2002,-0.7016,-2.4557,0.2446,-1.6108,-0.3355,-2.3588,-2.3599,0
43,-2.7496,-0.5068,-2.1022,-0.4527,-1.8937,-0.8317,-2.6389,-0.9577,3.2841,-2.0345,-0.138,-2.6178,0.0886,-0.7753,-0.5911,-2.7195,0.6887,0
44,-2.3234,-0.3404,-2.1164,1.7506,-1.4149,-1.4618,-1.9049,-0.731,0.9123,-0.6913,-0.5468,-3.0046,0.3867,-1.511,-1.9261,-2.7643,-0.7227,0
45,-2.8938,-0.3993,-1.9789,-1.2995,-0.3656,0.9316,-1.9137,-0.4975,-0.9035,-0.2556,-0.1314,-2.2294,0.1719,-1.177,-2.1152,-1.2553,-1.7442,0
46,-2.4918,-0.8547,-2.2829,1.0837,-1.6338,-0.159,-2.1139,-1.5182,-1.6465,-0.5432,-0.2224,-2.5302,0.0587,-0.908,-0.1163,-1.7617,-2.1267,0
47,-2.8686,-0.4684,-2.0479,1.6422,-1.3531,-1.0736,-1.0702,-0.6145,-0.3812,-1.1914,-0.5678,-2.2805,-0.4859,-1.2482,-1.2834,-2.0986,-2.9592,0
48,-2.0196,-0.4078,-1.5568,-0.2459,0.1014,-0.8372,-3.0084,-0.3974,-1.3327,-1.7051,-0.0662,-3.2949,0.2829,-1.5837,0.6121,-2.2324,-1.479,0
49,-2.9038,-0.3992,-1.7423,1.6058,-0.476,0.2326,-1.6841,-0.674,0.2046,-0.9488,-0.6788,-2.5298,-0.6897,-0.5107,-1.16,-1.9805,-1.4837,0
50,-3.1274,-0.3396,-1.286,-1.0757,-0.2996,-1.0363,-1.6491,0.3826,-0.9311,0.1917,-0.5476,-2.4162,-0.2587,-1.2718,-1.0105,-2.3245,-0.1552,0
51,-3.1844,-0.5603,-2.1074,-0.1823,0.3076,-0.4074,-1.827,-0.7021,0.9874,-1.3644,0.8064,-2.2438,0.2244,-1.0777,-2.2708,-2.8923,-2.0301,0
52,-1.9695,-0.8687,-2.5379,-1.1945,-1.2921,-2.4839,-2.6059,-1.816,-1.1827,-1.5823,-0.1138,-2.8324,0.5139,-2.2387,-1.6901,-0.4865,-2.5655,0
53,-2.6033,-0.4333,-2.6332,-0.0651,-1.2179,-0.3196,-2.2549,-0.4169,-1.9592,-0.9336,-0.5178,-2.4601,0.0199,-2.332,-0.6921,-2.3085,-1.9468,0
54,-3.2356,-0.6557,-1.2633,2.0131,-1.362,0.4798,-1.8546,-0.0883,-1.6505,-1.5788,-0.3268,-2.2445,-0.0503,-0.0515,-1.114,-2.3615,-0.226,0
55,-2.7182,-0.564,-2.4329,1.8139,-2.7838,-1.0512,-1.8469,0.3499,-1.927,-0.3774,-0.4388,-2.4281,0.1207,-1.092,-2.0408,-2.261,-2.0838,0
56,-1.0826,-0.1772,-0.6498,-0.7752,-0.4179,0.0161,-2.8262,-0.7558,-1.5545,-1.0879,-0.2169,-2.0205,-0.541,-0.6815,-1.7687,-1.4612,-0.858,0
57,-2.3801,0.4,-0.2032,0.7035,0.0387,0.5736,-0.9546,0.0552,0.7749,-1.6303,-0.4381,-2.4757,0.0938,0.3089,-0.9122,-2.4749,2.2999,0
58,-2.1933,-0.2928,-2.0416,1.986,-1.8472,-0.2909,-2.1634,0.2167,-1.6006,-0.2806,-0.3058,-2.2568,0.2465,-1.2967,-1.6394,-2.1018,-2.4561,0
59,-3.0626,1.8752,-1.4352,2.156,0.1802,1.1504,-1.9749,-0.9835,1.675,-1.7584,-0.0049,-2.3464,0.1724,0.609,-1.3007,-3.2209,0.8109,0
60,-1.9359,-0.2113,-1.4506,5.5691,-0.1005,-0.9113,-1.3799,2.7774,1.1285,-1.5857,-0.1332,-2.3031,1.2227,-0.9888,2.9217,-2.4882,-1.7414,0
61,-2.2621,-0.4791,0.3713,0.3347,-0.3137,-0.2298,-3.0192,3.9282,2.351,-2.7486,-0.3301,-2.8977,0.6227,0.2706,0.7957,-3.395,1.3266,0
62,-1.8502,-0.6029,-2.5472,-1.6798,-1.7203,-0.2018,-2.3923,-1.1544,-2.6218,-1.1117,-0.0466,-1.4299,0.5018,-1.4411,-2.1539,-1.7271,-2.8154,0
63,-3.1365,-0.4076,-1.6951,-2.0351,-1.3854,-0.2875,-2.6789,-0.4205,-2.2016,-1.9799,-0.952,-2.0477,0.0891,-1.4985,-1.2131,-1.998,-2.605,0
64,-2.4591,-0.5948,-0.6268,-0.2586,0.0781,-0.1434,-1.4706,-0.7384,-0.4059,-1.9738,-0.1823,-1.9899,-0.256,-0.2368,0.3532,-2.2415,-1.104,0
65,-2.2597,-0.4875,-2.0779,0.2836,-1.0524,0.0728,-1.5235,-0.1573,-0.7528,-0.3057,-0.2893,-2.3075,0.4278,-1.1002,-1.3861,-2.2709,-1.5809,0
66,-2.5793,0.0234,-1.4941,1.79,-0.5254,0.8097,-2.5387,0.0823,0.3622,-0.7987,-0.3497,-2.4223,-0.4026,-0.7568,0.4902,-1.8447,0.3121,0
67,-2.778,-0.6028,-0.6235,-0.5533,-0.4961,0.5084,-1.6303,-0.5943,-1.0927,-1.4204,-0.2287,-0.1632,-0.5518,-0.7662,-0.2266,-1.7786,0.7486,0
68,-2.5777,-0.786,-1.1919,2.473,-0.6388,0.4979,-2.3199,-0.9776,-1.1528,-1.4153,-0.4342,-2.4659,0.2235,-1.078,-1.2975,-1.9025,-1.6696,0
69,-2.8245,-0.6401,-3.0606,0.8719,-1.0101,0.5264,-1.2488,-1.1599,-1.157,-0.8155,-0.3881,-1.8008,-0.4416,-1.2782,-1.8218,-2.1069,-2.6205,0
70,-2.7224,-0.8684,-1.4969,1.4298,-0.3561,-0.9656,-0.9356,0.0122,-1.937,-1.1391,-0.1033,-2.5721,0.1021,-1.3644,-1.3702,-2.0208,-1.7694,0
71,-2.8766,-0.4407,-2.3959,1.4226,-1.2902,0.1812,-1.9121,-0.5076,-0.7198,-1.1967,-0.5272,-1.9463,0.1124,-1.2682,-1.3028,-1.0883,-1.9175,0
72,-2.6799,-0.1209,-1.1835,0.4519,-0.0832,0.9084,-1.8299,-0.3147,-1.1202,-1.3722,-0.3612,-1.3715,-0.0415,-0.3843,4.0249,-3.4009,-1.97,0
73,-2.2901,-0.6282,-1.7623,-0.4994,-0.4616,-1.627,-2.3624,-1.0787,-0.3242,-1.854,-0.5019,-2.8117,-0.1372,-1.3079,-0.2959,-2.4955,-2.4189,0
74,-2.4479,-0.1697,-2.342,1.094,-0.4113,-0.4412,-2.5248,-0.6347,-1.8526,-1.7041,0.2059,-2.9153,0.5706,-1.3935,-2.5424,-2.237,0.3341,0
75,-1.0976,-0.4743,-1.8198,0.1591,-1.4011,-0.5565,-2.3522,-0.3686,-1.1488,-0.6717,-0.6613,-2.394,-0.3517,-1.556,-1.1136,-1.884,-1.1394,0
76,-2.4775,-0.5708,-1.9491,0.9485,-0.4923,-2.03,-3.172,-1.8331,-0.4259,-1.5053,-0.3655,-2.2633,0.2277,-1.2979,-1.3096,-2.4454,-2.3592,0
77,-2.3577,-0.8541,-2.7689,0.1409,-0.8054,-1.2209,-1.5916,-0.7274,-1.6921,-0.3838,-0.015,-2.2483,-0.559,-1.8924,-0.7157,-2.6907,-2.6135,0
78,-1.5608,-0.3723,-1.8284,-1.4749,0.3222,-0.194,-2.2494,-1.1365,-0.9087,-2.0527,-0.3272,-2.548,-0.459,-1.5718,-0.1074,-1.7095,-2.4789,0
79,-2.6588,0.7526,-2.9238,-2.5462,-0.7544,-1.5147,-2.4946,-1.4744,-1.4625,-1.2131,-0.7385,0.1782,-0.1326,-1.998,-2.6879,-2.6545,-2.9338,0
80,-2.1779,-0.4459,-2.551,-0.2797,-1.936,-1.369,-3.1534,-1.6333,-2.1725,-1.3016,-0.6081,-2.3666,0.1599,-1.933,-1.7386,-2.6103,-2.9716,0
81,-3.5069,-0.5083,-2.4863,-2.064,-1.0567,-0.8747,-2.4693,-0.6591,-1.7372,-1.703,-0.6969,-1.6022,-0.2755,-1.1547,-1.6502,-2.2475,-2.3585,0
82,-1.8879,-0.4247,-1.4757,0.2633,-1.0576,0.3889,-1.7264,-1.6729,-1.4973,0.034,-0.3615,-1.3845,0.3774,-1.2422,-0.4439,-0.9244,-2.1645,0
83,-2.0053,-0.3622,-1.9408,0.0009,-1.8891,0.6851,-2.8129,-1.0947,-1.1809,-1.2762,-0.4958,-1.9413,-0.3702,-1.4872,-2.0396,-1.5368,-1.0725,0
84,-2.9968,-0.6937,-1.9922,0.992,-0.027,0.649,-3.1157,0.1668,-1.193,-1.2643,-0.4113,-2.3602,-0.0514,-0.7041,0.1633,-2.1785,-1.5833,0
85,-1.4471,-0.6603,-2.1515,0.4517,-0.8246,-0.7279,-1.8261,-0.6976,-1.1612,-1.0736,-0.734,-2.1055,0.3409,-1.1691,-1.7744,-1.8927,-1.8386,0
86,-2.1863,-0.3779,-2.52,0.7693,-1.7785,-0.6463,-1.5593,-0.3422,-2.6236,-0.5433,-0.395,-2.2977,-0.5344,-1.2651,-1.9024,-2.0913,-2.3192,0
87,-2.6682,-0.5437,-1.0087,1.089,-0.2792,0.7093,-1.9083,1.0257,-1.5479,-0.954,-0.2377,-2.1656,-0.9571,-0.7028,0.7143,-1.8047,1.5214,0
88,-2.9508,-0.5898,-0.1649,0.6779,0.574,-0.1382,-2.6571,0.1461,0.8129,-1.6169,0.0352,-2.4725,0.4161,-0.5993,-0.6177,-3.0027,0.1883,0
89,-2.2599,-0.3776,-1.7197,2.0998,-0.1049,-0.8499,-1.2694,0.3137,-0.9652,-0.8592,-0.2027,-2.3975,-0.7779,-0.9871,-1.0246,-2.247,-0.6337,0
90,-3.5115,-0.657,-1.4224,-0.1384,-0.9097,-1.1627,-2.0422,0.3645,0.2274,-0.9502,-0.5808,-2.5576,0.1029,-1.3304,-1.9363,-1.7363,-2.5561,0
91,-1.2345,-0.2442,-1.8327,-1.0365,-1.2689,-0.471,-2.2714,-1.036,-1.4651,-0.9546,-0.4827,-1.7837,0.3503,-1.0007,-0.0127,-1.0147,-1.9369,0
92,-3.7969,-0.5154,-1.8003,1.9552,-0.2169,-0.6334,-2.1555,0.4893,-1.6979,-1.173,-0.1529,-2.7415,0.1597,-0.804,-1.4633,-2.3418,-3.2921,0
93,-2.7124,-0.7773,-2.1074,1.5988,-2.0712,-0.003,-1.7209,0.1502,-1.0726,-0.2339,-0.0823,-2.5042,0.2494,-1.0008,-0.9805,-2.5366,-0.5657,0
94,-2.6263,-0.3706,-1.5818,-0.5892,0.6278,0.4079,-2.448,-0.5179,-0.3596,-1.1929,-0.1828,-2.1041,0.0582,-1.2132,0.4292,-1.6778,-0.7076,0
95,-1.2048,-0.287,-0.9892,-1.8291,-1.1401,0.1438,-2.0958,-0.5851,-0.9488,-0.3251,-0.4305,-2.3581,-0.1376,-1.1313,-0.4389,-1.399,-1.2862,0
96,-2.6825,0.1917,-1.6149,2.1125,-0.6186,0.2219,-2.3355,-0.6124,-1.1895,-0.972,-0.5335,-2.6636,0.6257,-0.7153,-0.5904,-1.814,-1.8982,0
97,-3.2885,-0.3884,-1.7112,-1.592,0.2371,0.3122,-2.3915,0.7495,0.0557,-1.6613,-0.4479,-2.1286,-0.3509,-1.0578,0.6014,-1.9861,-1.6619,0
98,-2.2985,-0.576,-1.8736,0.9495,-1.3902,-0.574,-2.7605,-0.4422,-2.3166,-0.9447,-0.4454,-2.3198,-0.5283,-0.9951,-1.4588,-1.6759,-2.0069,0
99,-1.5647,-0.346,-1.3739,-0.3744,-0.5134,-1.8992,-1.9852,-1.4589,-1.3916,-1.1199,-0.4635,-2.627,-0.1835,-1.1463,-0.512,-1.6089,-1.7349,0
100,-3.3058,-0.6044,-2.6817,-1.3552,-1.142,-0.7542,-2.1028,-0.3609,-2.2701,-0.4843,-0.0719,-2.525,-0.1788,-1.6142,-2.1554,-2.0983,-2.2859,0
101,-2.2811,0.0089,-2.2348,-0.4278,-0.9724,-0.4585,-2.873,0.5546,-1.3697,-1.8938,-0.2689,-2.7594,0.3706,-0.6443,-2.3054,-2.5537,0.3621,0
102,-1.6303,-0.5795,0.4861,0.2889,0.0474,0.1161,-1.692,0.1653,1.7113,-0.7916,-0.4756,-1.4817,-0.3764,-0.4575,0.8313,-2.5296,-1.3527,0
103,-1.7582,-0.19,-1.8613,-1.2057,-1.193,-0.1808,-2.137,-0.7821,-0.3853,-1.0272,-0.129,-1.8256,-0.1468,-1.2403,-2.2072,-1.8695,-1.9461,0
104,-2.4008,-0.6829,-2.1993,-1.5749,-1.2052,-0.9997,-1.6297,-0.9329,-2.4762,-1.8448,-0.809,-1.6666,-0.3955,-1.7572,0.7769,-2.7062,-0.8245,0
105,-1.1953,1.2687,-0.0552,5.2902,-0.8051,1.0022,-2.1594,2.1297,3.1662,-1.6582,-0.2567,-3.2345,0.4224,-0.0427,-0.2815,-3.2757,1.4189,0
106,-3.1783,-0.8096,-1.7509,-0.1523,-0.2829,-0.09,-1.2159,-1.0505,-2.2311,-0.7798,-0.3716,-2.1647,-0.0161,-0.084,-0.5876,-1.9114,-1.4822,0
107,-2.2993,0.309,-2.1304,1.3037,-1.9735,-0.391,-1.8424,-0.2217,-0.2163,-1.1074,-0.3962,-2.0448,0.3876,-1.2835,-1.7325,-1.5213,0.0998,0
108,-1.2236,-0.2616,-1.6582,0.2945,-1.3388,-0.157,-2.2796,0.6958,-2.1744,-0.5802,-0.3618,-2.1957,0.1421,-1.1153,-1.0932,-1.2951,-1.7773,0
109,-0.7559,-0.5937,0.3221,0.8956,0.3344,-0.0546,-1.3377,0.6811,0.7363,-1.1091,0.1526,-1.886,-0.0737,0.1289,-0.5652,-1.445,-1.1602,0
110,-2.7431,-0.5728,-0.6004,1.2422,-0.8892,1.1865,-0.0162,2.0014,0.1505,-0.494,-0.5552,-0.2772,0.2971,-0.3076,0.7413,-0.9766,1.5435,0
111,-3.2456,-0.2011,-0.8618,2.9514,0.1782,0.3952,-2.3579,1.4576,-1.3252,-0.8136,-0.48,-2.717,0.3741,-0.4957,0.7208,-1.8212,-1.082,0
112,-2.822,-0.6987,-2.9414,-0.6229,-0.9811,0.1551,-2.2477,-1.804,-1.8266,-1.0295,-0.2211,-2.208,-0.285,0.2711,-1.0618,-0.3602,-1.9367,0
113,-2.3331,-0.261,-2.8723,-2.0688,-1.3178,-2.5922,-3.4501,-1.7127,-1.9069,-2.4071,-0.1461,-2.9494,-0.3394,-1.9005,-2.4447,-1.0944,-2.9843,0
114,-3.7347,-0.4026,-1.837,0.6921,-0.2221,-0.5894,-1.9403,0.6774,1.1963,-1.8242,-0.1484,-2.4082,0.2864,-1.1365,-1.7065,-2.6184,-1.2682,0
115,-1.8666,-0.3949,-1.9253,-1.4518,-0.8188,-2.1947,-1.3329,-1.7967,0.9908,-1.1329,-0.4038,-1.8432,-0.2524,-1.7175,-1.8553,-0.9321,-1.8654,0
116,-3.5339,-0.802,-2.63,0.0353,-1.5418,-1.3765,-3.0249,1.0365,-1.9931,-2.2801,-0.3776,-1.9486,-0.4366,-2.2965,0.5255,-3.4164,-2.1145,0
117,-2.7128,-0.0731,-0.8138,2.8818,0.1983,0.4331,-1.9907,3.4017,-1.0554,-0.1248,-0.527,-1.7721,0.2587,0.294,-0.7978,-1.8959,-0.8081,0
118,-2.5471,-0.2905,-1.6267,0.1981,-1.3529,-0.2974,-2.6509,-0.7445,-1.1114,-1.0971,-0.0457,-2.2281,0.4024,-1.3012,-0.7296,-1.6107,-2.3782,0
119,-3.2422,-0.452,-2.3106,0.6119,-2.0707,-0.8135,-2.4047,0.7478,-0.5601,-1.9548,-0.4293,-2.5191,-0.292,-1.3786,-2.9989,-3.4642,-0.3071,0
120,-2.3456,-0.631,-2.2741,0.4228,-1.357,-0.3395,-2.3595,-0.2564,-2.6035,-0.8212,-0.0269,-2.4831,-0.0941,-1.3452,-0.4172,-1.727,-2.9649,0
121,-3.8021,0.5063,-1.1197,2.7187,-0.696,-1.0354,-2.4665,1.3,0.2997,-1.5622,-0.2615,-3.0645,-0.5861,-0.8525,-1.2921,-3.1635,-1.3614,0
122,-2.9778,-0.6531,-1.4918,0.2497,0.7344,0.5584,-1.7105,0.17,-0.9222,-0.8565,-0.586,-1.8157,0.0216,-0.1732,-1.3394,-1.1852,-1.2085,0
123,-1.4412,-0.6037,-2.5238,-1.7611,-1.293,-0.6497,-1.8818,-1.0352,-1.0638,-1.363,-0.166,-1.8575,-0.5675,-1.6039,-1.658,-1.9867,-1.8712,0
124,-3.1277,-0.6718,-2.846,-0.597,-2.0069,-0.9536,-1.709,-1.4025,-2.8065,-1.0539,-0.4147,-2.3724,-0.3912,-1.725,-1.2323,-1.4774,-2.5156,0
125,-2.4624,-0.3344,-2.1265,0.1455,-1.391,-0.2152,-2.2027,-1.1631,-2.7558,-0.0397,-0.4556,-1.8785,-0.9522,-1.5362,-2.0573,-1.1105,-2.8773,0
126,-2.4577,-0.4279,-2.4381,-1.0631,-1.5292,-0.3952,-1.9372,-0.9513,-1.8022,-0.7415,0.1494,-1.6795,-0.1019,-1.347,-1.8112,-1.6607,-2.5561,0
127,-2.4246,-0.7475,-1.4608,0.0892,0.8782,-0.0293,-1.9761,-1.3903,-1.1547,-1.4553,-0.3624,-2.7631,0.8175,-0.9302,1.7847,-2.4286,0.6602,0
128,-2.132,-0.5718,-1.5597,0.3064,-0.7694,-0.0572,-1.4725,-1.1692,0.253,0.0134,0.003,-1.3845,0.3961,-1.0747,-0.6618,-0.8403,-0.808,0
129,-1.26,-0.6773,-1.8778,0.9303,-1.2764,-0.996,-1.8839,-0.4291,-0.6705,-1.1365,-0.0282,-1.8854,-0.5277,-1.4475,-1.4687,-2.3825,-0.4982,0
130,-1.335,-0.3009,-2.0153,-2.6781,-1.3452,-1.1548,-2.1147,-0.7564,-2.2929,-1.18,-0.1157,-2.4893,0.1711,-1.8405,-1.5801,-1.0265,-2.4524,0
131,-2.2619,-0.4223,-2.4304,-1.8127,-1.4335,-2.3344,-2.6639,-1.2611,-0.0561,-1.8547,-0.7573,-3.1273,0.0847,-1.6807,-2.0675,-3.6952,-1.8188,0
132,-1.6499,1.3777,-1.7876,-1.9223,-1.0982,-1.0838,-2.2318,-0.9416,-0.1522,-1.4938,-0.3086,-2.6657,0.2081,-0.7761,-0.8471,-2.4906,-2.1033,0
133,-2.6913,-0.638,-2.5337,-0.4366,-0.2939,-0.6936,-1.9948,-0.7125,-1.0321,-0.6938,-0.9976,-1.4291,0.3388,-1.3404,-0.5944,-2.0072,-2.7871,0
134,-2.8298,-0.5973,-0.5874,1.0863,-0.5056,0.0108,-2.2797,-0.1712,2.7287,-1.3164,-0.7715,-1.868,-0.2472,-0.7713,-0.0148,-2.4998,-1.5997,0
135,-1.7614,-0.6634,-2.5751,-0.9239,-1.4407,-0.8034,-2.4165,-1.5003,-1.679,-1.2746,-0.0185,-2.2916,-0.005,-1.6021,-1.8398,-1.825,-1.9098,0
136,-0.6835,-0.7351,-0.3091,-1.1008,-1.0969,-0.263,-2.0904,0.3492,-0.7866,-1.2036,-0.2824,-2.4385,0.0566,-0.18,-0.2111,-2.331,-1.9713,0
137,-2.8665,-0.3111,-1.7715,1.3872,-0.8962,0.0767,-2.396,-0.6509,-0.6957,-1.2254,-0.2392,-3.1834,0.8435,-0.8499,-2.3952,-2.4443,-1.5628,0
138,-2.2033,1.5248,-2.3147,1.4102,-0.8531,-0.9857,-1.4381,-0.4239,-1.1048,-1.4159,-0.5314,-1.9671,-0.2463,-1.224,-0.5944,-2.2128,-1.9828,0
139,-2.9587,-0.304,-1.5712,1.9963,-0.2042,-0.8028,-2.1811,1.3575,-1.3526,-1.1937,-0.433,-2.3945,-0.1858,-0.8645,-0.5187,-3.4523,-0.9276,0
140,-2.3887,-0.4917,-1.3509,3.5015,0.7798,0.2925,-2.4872,-0.0131,-0.1863,-1.7833,-0.1513,-1.9132,-0.2501,-0.6877,-1.2544,-3.1337,0.2433,0
141,-2.3025,-0.2129,-2.516,-0.3521,-1.1215,0.1883,-2.6084,-0.0099,-1.3883,-0.884,-0.4686,-2.5785,-0.1554,-0.9889,-1.8653,-2.2764,1.2048,0
142,-2.6773,-0.3534,-1.9925,-1.4808,0.6721,-1.0232,-2.173,-1.7851,-1.2154,-1.3907,1.0616,-2.5742,0.0195,-1.4799,-0.1981,-1.6014,-0.541,0
143,-2.6933,0.2477,-1.6613,-1.661,-0.524,-0.5065,-2.0084,0.0314,0.8253,-1.3813,0.0101,-2.2853,0.2532,-0.9892,-1.3207,-1.6269,0.6908,0
144,-2.5401,-0.5834,-2.3295,0.0582,-0.8711,-0.0455,-1.9697,-0.255,-1.9239,-0.8717,-0.3218,-2.348,-0.0157,-1.4559,-1.527,-1.086,-3.0034,0
145,-1.9322,-0.6163,-2.6326,-1.7926,-1.1365,-0.7239,-2.983,-1.9478,-1.2022,-1.3982,-0.1498,-1.8599,-0.1889,-1.7715,-1.5402,-1.1641,-2.1812,0
146,-3.044,-0.706,-1.4787,-1.6372,-1.0099,-0.6559,-1.5393,-1.6679,-1.7131,-1.6521,-0.5748,-1.6218,0.1829,-0.9574,-0.485,-1.7693,-2.2439,0
147,-1.35,-0.5258,0.0695,-0.5789,-0.7136,-0.6193,-1.5792,1.318,-0.255,-1.3441,-0.3108,-2.0138,-0.5047,-0.9321,-0.2762,-2.38,-0.7827,0
148,-2.2515,-0.6119,-2.3699,0.1127,-0.9485,-0.7786,-2.282,-1.1522,-1.2127,-1.1647,-0.3685,-2.7495,-0.3663,-1.3552,-1.4462,-2.5517,-2.2104,0
149,-2.9472,0.0756,-1.8577,-0.7269,-0.1991,-0.7599,-2.4036,0.3641,0.3071,-1.6147,-0.1588,-3.1869,0.2667,-0.3984,0.2532,-1.8215,-1.7909,0
150,-2.8161,-0.5267,-1.9532,1.7343,-0.8932,-0.7404,-2.4203,-0.3514,-1.7206,-1.3214,-0.1659,-2.3162,0.1617,-1.0478,-0.9118,-2.5135,-1.2681,0
151,-1.7696,-0.3981,-0.669,3.1105,-0.1636,-0.0313,-1.6098,0.7223,-0.5405,-0.4609,-0.3921,-1.8889,0.0657,-0.8575,-0.811,-1.0232,-1.3793,0
152,-2.5562,0.0085,-1.092,-1.0959,0.2961,-1.4405,-1.868,-1.5576,2.8949,-1.7956,0.2146,-2.4638,-0.3238,-1.2109,-0.1813,-3.5053,0.3543,0
153,-2.4832,-0.398,-2.0517,0.8728,-0.9177,-0.2617,-1.4821,-0.267,-0.9403,-0.8121,-0.4738,-2.1567,0.0322,-1.3441,-0.6135,-1.6977,-2.0356,0
154,-2.7067,0.5269,-1.5094,1.4544,-0.3972,0.0344,-2.5498,0.0193,-0.7237,-1.0441,-0.7718,-2.0085,1.8615,-0.6704,1.0575,-1.582,-1.5471,0
155,-2.4139,-0.1259,-0.9394,-0.4775,0.0868,-1.1585,-1.5866,-0.1852,0.2838,-2.2572,-0.2569,-2.0619,0.3614,-0.8219,2.0231,-3.7345,-0.4382,0
156,-1.5058,-0.7038,-1.7521,-0.6806,-1.6469,-2.3832,-1.986,-0.9663,0.4979,-2.4453,0.0674,-1.7534,-0.0651,-1.5017,0.5012,-1.9005,-2.6875,0
157,-3.2626,-0.6844,-1.8609,-0.6074,-0.9041,-1.2345,-3.3155,-1.454,1.2249,-1.5204,-0.864,-2.963,-0.0917,-1.878,-1.6742,-1.8801,-2.5658,0
158,-3.1863,-0.2161,-2.3166,2.9657,-1.2553,0.1852,-2.2483,-0.11,-2.1513,-0.2154,-0.1593,-2.9366,0.4794,-1.2845,-1.7238,-1.8587,-1.5178,0
159,-1.6042,-0.6323,-2.099,-1.1371,-1.3611,-0.4803,-2.2855,-1.4457,-0.4812,-0.8148,-0.4701,-2.0516,-0.0585,-1.5918,-0.7574,-1.6879,-2.0995,0
160,-1.2903,-0.4621,-1.8572,-0.7463,-0.8255,-0.6518,-2.6646,-1.3317,-1.1443,-1.87,-0.4027,-2.1515,-0.1717,-1.0312,-1.0539,-1.3729,-0.5812,0
161,-3.3775,-0.6381,-1.1228,2.1332,-1.169,0.046,-1.6887,0.219,1.1459,-1.7107,-0.3343,-2.771,0.6553,-0.7552,-1.4037,-2.6577,-1.0736,0
162,-2.2715,-0.1707,-2.3092,2.0456,-0.9628,0.4002,-1.536,-0.2436,-0.7144,-0.9912,-0.4294,-2.939,0.055,-0.966,-1.1485,-2.6719,-1.1277,0
163,-2.1316,-0.542,-1.4238,0.2228,-0.8032,0.0827,-1.9887,0.2762,-1.5327,-0.3743,-0.2104,-1.9891,0.4898,-0.9914,-0.88,-1.4371,-1.2768,0
164,-2.9441,-0.7844,-0.8507,-0.0822,-1.0112,-1.5635,-1.2677,0.7929,-0.8759,-0.5466,0.6038,-2.4957,-0.1895,-0.1225,3.2687,-3.3786,-1.0221,0
165,-1.2523,-0.5211,-2.3141,3.2406,-1.6049,-0.5466,-1.9603,-0.4878,-0.9067,-1.2197,-0.4658,-4.4001,0.9437,-1.6548,-0.9218,-1.948,-0.1332,0
166,-2.7381,-0.8031,-2.7922,-0.0937,-1.7751,-1.3394,-1.4398,-0.7631,-2.0558,-0.6261,-0.0931,-2.2916,-0.2378,-1.8762,0.1259,-2.3538,-2.8915,0
167,-2.6429,-0.48,-1.4352,0.5022,0.07,0.5069,-2.276,-0.3454,-0.4921,-1.6056,-0.2635,-1.7209,-0.2759,-0.6313,-0.952,-1.0631,-1.6403,0
168,-0.2179,-0.4108,-0.1576,-0.1704,-1.0549,-0.6413,-1.0188,0.4995,1.2254,-1.6442,-0.2561,-2.2242,-0.0683,0.2484,-0.2108,-1.2778,-1.3377,0
169,-2.9244,-0.0173,-1.7088,1.7546,-0.3493,-1.6433,-1.9272,-1.9503,-0.0544,-1.4812,-0.2403,-2.2495,0.0615,-1.2994,-0.1954,-4.6236,-1.6234,0
170,-2.1617,-0.5442,-2.0838,-1.2114,-0.7936,0.0713,-2.8826,-0.5933,-0.8712,-0.9149,-0.4481,-2.3064,-0.1652,-1.1262,-1.4475,-2.3757,-2.1736,0
171,-1.4646,-0.188,-1.9283,-1.7959,-0.9414,0.3365,-2.7458,-1.5028,-2.0284,-1.0579,-0.1085,-2.1308,0.3513,-1.1654,0.4157,-2.0036,-2.136,0
172,-2.5377,-0.4921,-1.1189,-0.733,0.62,0.9633,-1.7929,-1.2046,0.4908,-1.2054,0.3374,-2.2438,-0.1083,-1.5033,0.5215,-2.2536,-0.5386,0
173,-1.7993,0.582,-1.6933,-0.9952,-1.1378,-0.8416,-1.9384,-1.148,-1.3859,-1.0536,-0.5365,-2.7743,0.4184,-1.5255,-1.303,-2.2026,-1.9681,0
174,-2.1643,-0.3751,-2.0422,-1.841,-0.7562,-0.2116,-2.6299,-2.1511,-1.9725,-1.2824,-0.2058,-3.4792,0.3367,-1.3742,-0.9682,-0.3144,-2.2727,0
175,-2.3825,-0.4569,-2.6541,-1.776,-1.1244,-0.8194,-2.9074,-0.9016,-1.9039,-1.5377,-0.6484,-2.1562,-0.0814,-1.8505,-2.3872,-1.6075,-2.3874,0
176,-1.5516,-0.3914,-1.9012,-2.8834,-1.1987,-0.8052,-2.2886,-1.1411,-1.0827,-1.7758,-0.3759,-1.7118,-0.1884,-0.8854,-1.5061,-2.4187,-1.4977,0
177,-2.4365,-0.5839,-1.8917,-0.4537,-1.2173,-0.1767,-1.8755,-0.405,-0.2525,-0.8276,0.0325,-2.1779,0.1386,-0.9884,-1.3533,-1.2656,-1.8507,0
178,-2.3872,-0.7539,-1.5273,-0.8603,-1.1382,0.8122,-2.2207,0.3342,-2.4194,-0.4537,-0.5786,-2.4938,-0.1244,-1.548,0.9099,-1.9316,-0.8346,0
179,-1.909,-0.31,-2.6815,-1.1754,-1.2288,-0.9166,-2.0185,-0.9135,-0.944,-1.2148,-0.0007,-1.8666,0.4037,-1.3405,-1.5784,-2.9797,-2.6046,0
180,-1.4959,-0.262,-1.8269,-1.1713,-0.9239,-0.1222,-2.3915,-1.0748,-1.4789,-1.5303,-0.3393,-1.9962,-0.9859,-1.7301,-0.8715,-1.3294,-2.4204,0
181,-3.5677,-0.3483,-2.162,2.4806,-0.4614,-1.4195,-2.2039,-0.5575,-0.5331,1.7582,0.1894,-2.8593,0.0725,-1.3531,-1.7198,-3.5831,-1.7619,0
182,-1.9097,-0.6261,-1.4998,0.6802,-1.6085,0.2921,-2.1919,-0.3619,-1.9089,-0.9825,-0.1015,-2.0373,-0.388,-0.9994,-2.1263,-1.6024,-1.4687,0
183,-2.4508,-0.796,-2.689,1.2653,-1.4003,-0.1153,-2.3834,-0.268,-0.1741,-0.857,-0.0013,-2.5191,-0.1727,-1.2852,-0.8919,-1.8419,-2.0024,0
184,-2.3328,-0.6156,-0.981,-1.4837,-0.4409,-0.9964,-2.3072,-1.4513,-1.5998,-2.0796,0.2908,-2.7569,0.6061,-1.4171,-1.7224,-1.928,-2.5932,0
185,-3.089,-0.1887,-1.9764,3.7452,-1.1968,0.439,-2.5055,1.4992,3.0477,-1.9973,-0.3018,-2.077,0.1323,-0.5409,0.9227,-3.3407,0.2318,0
186,-3.2283,-0.564,0.3794,2.9714,0.9134,2.5342,-1.8884,2.4421,0.32,-1.6436,-0.5972,-1.9136,-0.2826,-0.4404,2.8034,-2.5192,-1.1193,0
187,-2.7811,-0.6915,-1.161,2.4895,0.1918,-0.0113,-1.6455,-0.3654,-1.1949,-0.8573,-0.2053,-1.8321,-0.0805,-0.9595,-1.1919,-1.1372,-2.1545,0
188,-2.7266,-0.4765,-0.61,-0.0571,-0.4435,0.1978,-2.4465,1.3189,-0.1633,-2.2302,0.0705,-2.2011,-0.1351,-0.1016,-0.2053,-3.0868,0.0054,0
189,-2.2012,-0.6271,-2.0074,-1.5783,-1.1756,-0.8633,-2.9436,-1.3178,-2.4301,-1.2983,-0.3116,-2.2233,0.0704,-1.3933,-1.961,-1.5045,-2.1215,0
190,-2.5184,-0.5892,-1.6852,1.5082,0.2499,-1.2908,-1.823,-0.4685,-1.8664,-0.5005,-0.0859,-2.5521,0.2958,-1.2839,0.0944,-1.3834,-1.9788,0
191,-3.6982,-0.4078,-1.9847,1.2012,0.0227,-0.0442,-2.2101,-0.5552,-0.9189,-1.1266,-0.2866,-2.5674,-0.4321,-0.9117,-2.3472,-1.5485,-1.1604,0
192,-2.4462,-0.2667,-2.5552,-0.8201,-0.6521,-0.369,-2.1875,-1.2434,-2.1221,-2.065,-0.6063,-2.5683,-0.7325,-1.5306,-0.4336,-2.1395,-2.2373,0
193,-2.0103,-0.4148,-0.9791,0.798,-1.0108,0.4551,-2.08,-0.1226,-1.294,0.0917,-0.6132,-2.2583,0.6027,-0.6312,-0.1493,-1.5385,-1.0166,0
194,-2.8387,-0.5096,-2.1885,1.0998,-0.7625,1.0231,-1.338,-0.061,-1.1075,-0.8505,-0.4856,-1.8954,0.2737,-0.7716,0.0749,-0.4244,-1.5974,0
195,-2.4171,-0.3998,-0.7779,-0.1394,-0.0346,-0.1645,-2.7133,-0.4417,-0.3335,-1.6558,-0.5417,-1.8006,2.7214,-1.1875,1.0072,-2.6796,-0.0822,0
196,-3.0491,-0.8124,-2.2819,1.2102,-0.9749,-0.204,-0.9444,-1.4646,-1.3195,-1.0921,-0.2906,-1.0906,-0.2049,-1.4424,-0.7116,-2.2536,-1.3129,0
197,-2.6566,-0.4451,-1.7354,-0.3672,-0.0315,-1.1362,-2.7734,-0.3718,-0.6935,-2.0346,-0.7495,-1.4595,-0.5971,-1.0916,-0.6987,-2.7349,-1.8599,0
198,-3.7348,-0.8196,-2.3053,-0.365,-0.1153,0.1899,-2.0425,-0.7689,-2.2084,-0.7735,-0.089,-2.7466,0.0981,-1.126,-1.1718,-1.2191,-2.0619,0
199,-2.0398,-0.3911,-1.9267,0.2889,-1.0597,0.1509,-1.9555,-0.5585,-1.686,-0.8521,-0.4678,-1.9791,0.2459,-1.4846,-1.1687,-1.2444,-3.3895,0
200,-2.4207,-0.4731,-2.4416,-2.8218,-1.3903,-1.1547,-3.0751,-1.4197,-1.2227,-1.6734,-0.1313,-2.2351,-0.0239,-1.4101,-1.7661,-2.0925,-1.5023,0
201,-1.4502,-0.3805,-1.9225,0.272,-0.7961,0.2501,-1.8143,-1.039,-0.6734,-0.9818,-0.6727,-1.717,-0.3132,-1.0795,-0.9532,-2.5553,-2.1389,0
202,-2.5329,-0.5498,-1.8646,0.5298,-0.6377,0.5963,-1.8938,-0.0838,-1.9877,1.4406,-0.2437,-2.0939,-0.1239,-0.9859,-1.9706,-1.295,-2.4532,0
203,-3.3239,-0.1674,-0.6369,1.6266,-0.3354,0.7475,-2.303,-0.9221,4.0274,-1.5371,-0.4612,-2.734,-0.3213,-0.2841,1.1923,-2.9331,-2.691,0
204,-3.6388,-0.5747,-1.2349,-0.4849,-0.4408,1.4174,-2.1551,-0.2801,-1.713,-0.8749,-0.6967,-2.2916,-0.0983,-0.8339,-0.5128,-2.3298,1.3561,0
205,-3.0381,-0.6316,-1.7602,-0.6938,-1.6611,0.0446,-1.9883,0.6007,-1.9656,-0.509,-0.3485,-1.6133,-0.3542,-0.9085,-1.3018,-2.158,-1.7102,0
206,-2.7742,-0.5231,-1.9677,2.0517,-0.699,-0.5289,-1.9797,-0.8075,-1.1185,-1.7466,0.1171,-2.8516,0.1386,-1.022,-0.6518,-2.9668,-0.2482,0
207,-3.0276,-0.562,-0.3699,4.6708,-0.4811,0.6561,-3.3001,0.8774,6.0037,-1.9204,-0.3292,-2.3855,0.435,-0.0792,0.146,-2.2602,1.3828,0
208,-1.7396,-0.8339,-1.3826,1.5612,-0.7525,-0.2494,-2.3644,-0.2362,2.2262,-0.5584,-0.6875,-2.3855,-0.4758,-1.0278,-1.8198,-2.1239,-1.6762,0
209,-2.5144,-0.7159,-2.5529,0.2864,-0.8904,-0.3745,-2.4245,-1.1716,0.4152,-1.8637,-0.4029,-2.0721,0.1737,-1.1708,-1.6364,-2.4361,-1.9502,0
210,-1.4151,-0.6415,-1.3865,0.5518,-1.4545,-0.1474,-2.2489,0.1072,-0.8722,-1.4165,-0.407,-1.6949,0.5197,-0.8494,-1.1047,-2.0471,-1.3141,0
211,-2.5767,-0.5845,-1.2478,-1.4268,-1.7148,-0.5546,-2.567,1.1996,0.3339,-1.5842,-0.068,-2.6346,0.5891,-0.9422,-1.5249,-2.7514,-2.0374,0
212,-1.7028,-0.595,-1.4662,2.1315,-1.0023,-0.0412,-2.0396,0.5521,-0.1436,-0.4186,-0.5137,-1.7598,-0.3305,-0.3706,-0.2048,-1.6875,-1.5841,0
213,-2.3326,-0.4744,0.0562,0.3907,0.0635,0.8393,-2.0399,-0.3198,-0.3392,-1.4605,-0.2942,-2.7251,0.0917,-0.7901,1.0674,-2.0634,-1.8495,0
214,-2.4154,-0.3995,-3.117,-0.0682,-1.5555,-0.1451,-2.1944,-0.9474,-1.9127,-1.0864,-0.078,-2.7316,0.0131,-1.9468,-1.8769,-1.7082,-2.3257,0
215,-2.4747,-0.2898,-1.9958,-0.4441,-1.1417,0.2138,-2.7546,-1.2171,-0.9349,-1.1408,-0.4597,-2.5437,-0.1138,-1.5394,-1.7206,-1.2278,-2.1518,0
216,-1.6602,-0.431,-2.2149,-0.8834,-1.3092,-0.1915,-2.399,-0.6925,-0.9349,-0.8759,-0.2449,-2.2097,-0.3888,-1.2165,-2.3948,-1.569,-1.8051,0
217,-2.6804,-0.2308,-1.9175,-0.2661,-0.8775,0.3311,-1.8085,-1.0519,-1.3226,-0.6285,-0.4923,-2.6314,-0.3663,1.2584,-0.0627,0.1824,-1.6532,0
218,-2.9152,-0.4885,-2.656,-2.2283,-1.4984,-0.8951,-2.6113,-1.4796,-2.609,-1.0854,-0.1683,-3.188,-0.0187,-1.814,-1.3403,-1.8153,-3.0713,0
219,-2.5549,-0.4121,-1.6065,-0.9677,-0.821,-0.9024,-2.4375,-1.6213,-0.1068,-2.6646,0.0201,-2.3126,-0.2722,-0.8745,-0.5984,-3.1447,-0.4295,0
220,-2.6896,-0.5011,-2.4236,-1.5938,-0.4761,-0.8111,-4.8141,-0.5163,-1.0168,-2.4183,-0.1173,-2.916,0.152,-0.8795,-2.973,-1.9943,-1.725,0
221,-2.2088,-0.4679,-1.1345,-0.1744,0.0507,-0.1376,-1.1425,-0.6588,1.2133,-0.192,-0.163,-1.3638,-0.0693,-1.0773,-0.5366,-1.463,0.014,0
222,-3.4361,-0.2813,0.2205,1.1433,0.3606,0.5166,-1.8221,1.8225,-0.869,-1.4951,-0.3662,-2.7045,0.1123,-0.5628,0.6575,-3.4289,-0.0208,0
223,-1.5534,-0.2138,-1.6871,1.4842,-1.347,-0.2922,-2.4077,-1.2969,-1.4903,-1.0844,-0.4927,-2.0544,0.0073,-1.1737,-0.7019,-2.2464,0.266,0
224,-0.6723,-0.6715,-0.261,-0.9386,-0.1502,-0.1186,-1.792,0.2181,-0.8512,-1.5926,0.3541,-2.3472,0.2521,-0.0672,0.6627,-2.2472,0.6285,0
225,-2.6226,-0.3136,-1.787,0.7062,-1.0638,-0.3725,-3.032,-0.207,1.2416,-0.9635,0.7147,-2.3869,-0.1022,-1.2185,-1.6607,-2.4358,-1.7473,0
226,-0.1071,-0.4264,0.8885,4.8613,-0.0109,1.5526,-0.5468,1.85,1.4402,-0.0228,-0.388,-2.4883,-0.7905,0.1766,2.1852,-2.0551,-0.3393,0
227,-3.5144,-0.4343,-0.9695,-0.4097,-0.8144,0.3855,-2.3628,-0.9173,1.7674,-1.4994,-0.3744,-2.3294,0.04,-1.1915,0.5495,-2.4369,-0.6117,0
228,-1.9348,-0.5479,-1.5764,0.0615,-1.8699,-0.6808,-2.0358,0.015,-1.3909,-0.7125,-0.1851,-2.187,0.1727,-1.1172,-1.9041,-2.3416,-0.3792,0
229,-4.1372,-0.5404,-1.2014,0.8759,-0.4767,-0.5682,-0.9751,4.8475,-1.9408,-1.0162,0.3018,-1.9399,0.3562,-1.5252,2.0649,-1.8198,-1.3295,0
230,-2.9689,2.5645,-1.3667,0.7918,0.0161,-0.2724,-2.1606,0.1138,0.4009,-1.1702,0.0165,-2.4029,-0.1692,-1.2551,-0.9737,-3.1919,0.3587,0
231,-2.3796,-0.5546,-1.7004,1.8826,-0.1819,-1.9657,-1.7712,-1.2688,0.7611,-1.9943,-0.4345,-2.3295,-0.2268,-1.1566,-0.9284,-1.4215,-0.9199,0
232,-3.3276,-0.8264,-2.275,1.3888,-0.8314,0.2068,-1.7943,0.0791,-0.804,-0.0172,-0.3977,-2.0888,-0.0389,-1.4291,-1.5299,-2.0213,-1.5679,0
233,-3.2466,-0.4053,-0.8034,0.9492,0.2124,-0.1929,-2.8362,-0.1659,1.6618,-1.9421,-0.9338,-2.1905,-0.8323,-0.8578,-1.9186,-2.791,-1.9356,0
234,-2.8405,-0.1656,-1.6928,-1.7673,-0.7276,-0.8687,-2.5865,-1.5571,0.6538,-1.7545,-0.2677,-2.4723,-0.3538,-1.7514,-0.909,-2.5992,-2.3302,0
235,-3.6612,0.0985,-1.3366,2.2726,-1.0886,-0.4788,-1.3715,-1.2983,-1.035,-1.3811,-0.5808,-2.5129,0.1207,-0.7723,-1.5282,-2.2535,-1.4815,0
236,-2.7649,2.5832,0.3118,4.6509,0.3109,0.7904,-0.6362,2.725,1.9989,-0.4536,-0.2336,-0.7696,-0.5268,0.5392,0.452,-2.1896,-0.666,0
237,-1.5201,-0.439,-2.3467,-1.0424,-0.8605,-1.0683,-2.4243,-0.2255,-1.4486,-0.8844,-0.2049,-2.6869,0.3886,-1.802,-2.1372,-1.9002,-1.3697,0
238,-2.7924,-0.6015,-1.7507,1.4132,0.0784,0.9145,-1.1149,-1.1252,-1.5968,-1.0819,-0.2616,-1.0576,0.0762,-1.0499,-0.095,-1.7989,-0.0376,0
239,-1.6037,-0.4727,-1.7746,0.6413,-2.0368,-0.3167,-1.8543,-0.1943,0.8123,-1.0526,-0.0207,-1.3937,-0.0191,-1.0105,-0.2284,-2.3799,-2.1102,0
240,1.5011,-0.1342,-1.7643,-1.5509,-1.6885,-0.0821,-3.401,-0.6939,-0.9905,-1.702,-0.1169,-2.2991,-0.1687,-1.2306,-0.6727,-1.8369,-2.4452,0
241,-4.2159,-0.7449,-1.8898,-1.6307,-0.4354,0.7393,-2.596,-0.3747,-1.2203,-0.9839,-0.6836,-2.6083,-0.1771,-0.8649,0.1474,-1.7307,-2.4727,0
242,-3.0999,-0.6592,-1.3589,3.0085,0.0086,1.9002,-1.5561,1.1762,-0.0762,-1.1371,0.6276,-1.3493,-0.3165,0.3248,-0.8709,-2.4815,1.5284,0
243,-2.8802,1.3307,-2.039,2.9727,-0.2354,-0.7789,-1.9709,-0.5926,2.7181,-1.7738,-0.4419,-2.4811,-0.3819,-0.8561,-2.0206,-3.099,-1.28,0
244,-3.0072,-0.4372,-0.8861,2.6116,-0.4347,-0.2636,-2.3765,1.1418,-0.1737,-0.8411,-0.2764,-1.6126,0.4967,-0.4837,-1.6124,-3.0397,-1.2362,0
245,-2.0778,-0.5534,-1.1561,0.5446,-0.8332,-0.7485,-1.9959,-0.3912,-0.6017,-0.6972,-0.4351,-2.8726,-0.0609,-0.9346,-0.4176,-1.2742,-1.3727,0
246,-3.3832,-0.7799,-1.567,1.1697,0.9013,-0.1645,-1.7556,0.2014,-0.3556,-0.9123,0.0719,-2.5659,0.0863,-0.7781,0.9284,-2.1163,-1.4503,0
247,-2.6131,-0.165,-2.6332,0.6623,-0.4319,-0.4968,-2.2713,-0.8741,-0.2372,-1.6358,-0.3547,-2.4853,-0.0885,-1.3312,-0.0481,-3.1223,-1.4376,0
248,-2.7603,-0.5012,-2.0581,-1.1925,-0.6106,-1.5193,-1.8996,-0.322,-1.7346,-1.3868,-0.1438,-2.8825,0.3975,-1.36,-0.7045,-3.1597,-0.9607,0
249,-1.652,-0.1674,-0.9147,4.3201,-1.9582,0.4157,-1.7402,3.0223,1.8237,-0.2183,-0.2232,-1.9756,-0.0353,-0.1708,-0.4167,-1.8436,0.7917,0
250,-2.9891,-0.843,-2.2792,-0.9551,-1.5802,0.03,-2.4034,-1.595,-0.9601,-0.7428,-0.0211,-2.2768,-0.3679,-1.5412,0.2613,-1.1929,-2.683,0
251,-2.1029,0.329,-2.0816,-2.2481,-0.622,-1.9511,-2.3471,-1.3351,-0.0516,-2.1233,-0.3117,-2.3701,0.0459,-1.6393,-1.8177,-3.2184,-0.9196,0
252,-2.4573,-0.5403,-1.4421,-0.3987,-0.6082,-0.479,-2.9984,-1.146,-1.9024,-1.2758,-0.25,-1.7387,0.5144,-1.2807,-0.7994,-1.6698,-0.8382,0
253,-2.7986,-0.3982,-1.9859,4.8389,-0.4913,0.4336,-1.7171,0.7578,-1.5352,-0.9909,-0.6079,-1.7704,0.3035,-1.1493,-0.1961,-2.1951,-1.3867,0
254,-2.1664,0.1711,-1.7059,3.262,-1.5474,-0.1051,-1.8495,-0.4037,-0.5491,-1.1595,-0.074,-1.649,0.3798,-0.8786,-1.8355,-3.1318,-0.3358,0
255,-2.5948,-0.4079,-1.006,-0.5266,0.0641,-0.1334,-2.0325,-0.292,0.782,-1.9173,1.0009,-2.6859,-0.3031,-0.1503,-0.522,-2.2702,-0.8892,0
256,-2.9318,-0.4426,-1.144,0.9168,1.1843,-1.449,-2.7104,0.9662,1.5133,-2.906,-0.0674,-3.2189,-0.2105,-1.71,0.6449,-3.1559,-1.4814,0
257,-3.6529,-0.2002,1.4063,2.5641,3.2035,0.6889,-2.0945,2.6497,2.1509,-2.0863,0.4958,-2.5819,-0.0202,0.4178,0.9179,-3.7555,0.3014,0
258,-1.5295,-0.639,-1.5039,1.4685,-0.5045,-0.1105,-2.007,-0.2982,-1.1021,-0.3242,-0.6113,-2.3673,0.5322,-1.2826,-1.1212,-1.2501,-1.6773,0
259,-2.2776,6.8982,-0.2906,1.8321,-0.3588,0.0154,-2.261,0.5266,1.2085,-0.1853,-0.4125,-2.4742,-0.3331,-0.8354,-0.3957,-2.8872,-0.0211,0
260,-3.4236,-0.4767,-0.7283,0.1588,-0.3863,-0.2822,-2.2908,-0.2943,-0.939,-1.2967,-0.5522,-2.0817,-0.751,-0.502,-1.6236,-2.6147,-1.6413,0
261,-2.0477,-0.6979,-2.5549,-1.8721,-0.9641,-0.3817,-1.9589,-1.1821,-0.8217,-1.3495,-0.3104,-2.4436,-0.5253,-1.8103,-1.3773,-1.3006,-2.59,0
262,-1.4505,-0.5469,-2.5791,-2.5068,-1.3532,-2.0829,-2.428,-2.4139,-2.3699,-2.4159,-0.7277,-2.4238,0.1231,-2.0554,-0.7971,-0.3269,-2.5395,0
263,-3.5982,-0.1739,-1.4613,0.2665,-0.1035,1.6869,-2.7402,-1.4115,-0.9989,-1.755,-0.569,-2.3289,0.2954,-0.5699,-0.4166,-2.3477,-1.2562,0
264,-3.0673,-0.2912,-1.2353,3.7588,0.4032,0.0305,-2.29,0.3554,0.2681,-1.0924,-0.2715,-2.2614,-0.6629,-0.1883,-0.9749,-1.7089,-0.9806,0
265,-3.052,-0.6262,-2.2763,1.6836,-1.0501,0.256,-1.1618,-0.577,-0.7369,-0.8676,-0.5677,-1.1751,-0.3505,-1.0687,-0.9649,-2.5391,-1.8882,0
266,-1.148,-0.3858,-2.0107,-0.7572,-0.1924,-0.4679,-2.1433,-1.1682,-0.1907,-0.8811,0.1077,-3.0046,-0.05,-1.5172,-0.6773,-2.5097,-2.182,0
267,-2.23,-0.4084,-1.3693,0.3367,0.2597,0.1422,-2.6113,-0.8643,-0.7132,-1.2634,-0.4491,-2.2514,0.435,-0.8724,-1.8825,-1.3883,-1.8288,0
268,-2.7927,-0.6894,-1.7936,0.991,-1.1815,-1.7074,-1.5662,0.2154,-0.6754,-1.2566,-0.4951,-2.3482,0.1903,-1.0649,-1.0684,-2.2914,-2.1164,0
269,-2.6977,-0.5712,-0.0057,0.027,-0.3481,-0.0042,-2.5008,0.2312,0.1305,-0.536,-0.4107,-2.378,-0.6572,-0.509,-1.0475,-1.743,-1.6649,0
270,-1.421,-0.3759,-1.169,2.1117,-0.6504,-0.2948,-1.7721,0.2213,0.0172,-1.1999,-0.3518,-2.3566,-0.3679,-0.6467,-1.2686,-2.2114,-1.0788,0
271,-2.4526,-0.5167,-1.3396,-0.3474,-1.582,-1.499,-1.6899,1.017,-1.2349,-2.338,0.2907,-3.194,0.1742,-1.6808,5.2428,-3.015,0.641,0
272,-3.1284,-0.3792,-2.574,-0.3752,-1.565,0.4285,-3.1128,-1.4633,-2.631,-1.3853,-0.5775,-2.4295,-0.4464,0.3816,-0.9808,-0.5783,-2.9659,0
273,-3.0533,0.8684,-2.0258,2.8627,-0.5791,-0.7689,-2.1673,1.3804,-0.429,-1.6957,-0.2658,-2.096,-0.8884,-1.0222,-1.2762,-2.6675,-2.042,0
274,-2.5496,-0.3458,-1.2329,1.3728,0.1148,0.682,-3.1067,-0.5443,-0.2656,-1.217,-0.6038,-2.8285,0.422,-1.3292,1.027,-2.1569,-0.623,0
275,-3.4363,-0.3347,-1.9165,-0.0675,-0.4094,0.4057,-2.1191,-0.4043,-0.6307,-0.5947,-0.692,-2.1954,-0.5098,-1.0773,-1.8045,-2.2606,-1.2257,0
276,-2.242,-0.5445,-1.5952,-2.2758,-0.9785,-1.5254,-2.1606,-1.1523,-2.1068,-1.3935,-0.4202,-1.801,0.1803,-1.5586,-1.9705,-1.4744,0.2556,0
277,-1.8264,-0.4362,-1.7317,0.4965,-1.7963,-0.3901,-1.9898,0.1105,-1.9259,0.3538,-0.3343,-1.8215,0.3441,-1.0144,-0.9486,-0.8066,-1.9615,0
278,-2.6902,-0.5202,-2.3186,-1.7202,-1.2423,-0.7967,-3.1366,-1.0771,-1.6704,-1.3501,-0.5302,-2.3772,-0.1435,-1.5363,-1.1831,-1.673,-1.8903,0
279,-2.2626,-0.2841,-1.5423,0.7426,-0.9795,-0.4422,-2.1753,-0.9144,3.0019,-0.8402,-0.7176,-1.7496,-0.2327,-0.9352,-0.7536,-2.4066,-1.5284,0
280,-3.2866,-0.42,-1.8901,1.2269,-0.2105,0.1489,-2.1361,0.4446,-1.4289,-0.7999,-0.1653,-2.739,0.038,-0.7193,-2.2363,-0.7416,-1.0064,0
281,-2.2733,-0.7117,-1.0279,1.7551,-0.7096,0.2526,-2.3772,0.4536,-2.297,-1.1083,-0.0425,-2.2713,0.4444,-0.6637,-1.3892,-1.7983,0.9456,0
282,-2.5088,0.0733,1.0033,0.7772,0.4527,1.9423,-2.7317,0.1676,0.9806,-0.865,-0.4987,-1.8931,-0.2568,-0.0346,-0.9124,-1.5752,1.9186,0
283,-1.8202,-0.6361,-1.7306,-1.6901,-0.8989,-1.4899,-2.1591,-0.0779,-1.372,-2.0147,-0.5422,-1.3392,-0.6381,-1.3331,1.6805,-2.5444,-0.7999,0
284,-2.063,-0.4396,-2.3781,-1.8826,-0.9824,-0.5558,-2.5371,-1.1465,-2.0804,-1.5587,-0.6035,-2.6787,0.1474,-0.9763,-1.8455,-2.1839,-1.6067,0
285,-3.3046,-0.8635,-2.1795,-1.8777,0.2623,-0.4192,-3.505,-1.3392,-0.7965,-1.872,-0.4045,-2.9489,-0.0978,-1.1776,-1.8469,-2.8137,-1.7769,0
286,-3.6051,-0.5786,-1.6297,1.8701,0.1511,-0.1701,-1.5417,-1.0559,-1.8628,-0.6315,-0.3762,-1.9899,0.3881,-0.4748,-1.2494,-3.5413,0.0735,0
287,-1.9487,-0.6472,-1.9653,0.9275,-1.3855,0.0724,-2.1627,-0.532,-1.6582,-0.9942,-0.6666,-1.8155,-0.6038,-1.0214,-0.7069,-1.5953,-1.4617,0
288,-2.4013,-0.676,-2.4097,-0.1743,-1.3203,0.0941,-1.4545,-1.0062,-2.4216,-0.3643,-0.4731,-2.1363,-0.1942,-1.0973,-1.5811,-0.8282,-1.9708,0
289,-2.6666,-0.3121,-2.0246,0.5301,-0.7904,-0.5087,-1.5963,-0.538,-0.4733,-1.3007,-0.3533,-1.163,0.0663,-1.5284,-1.152,-1.7286,-2.5807,0
290,-2.7506,-0.4578,-1.6006,1.8078,-0.0877,-0.1645,-3.3704,-0.0854,-1.2557,-1.2647,-0.1997,-2.5725,0.6991,-0.8791,-2.0257,-4.0671,-1.3954,0
291,-2.4289,-0.4138,-1.9713,2.7839,-1.3465,-0.5982,-0.794,-0.3551,-0.5979,-0.451,-0.7011,-1.5047,0.133,-1.3211,-0.96,-1.5669,-1.7137,0
292,-2.5458,-0.6892,-1.5704,-1.6856,-0.9906,-0.8478,-2.917,-0.9493,-1.6455,-1.5822,-0.4654,-2.7765,-0.3189,-1.4241,0.77,-2.5073,-2.2534,0
293,-2.093,-0.3626,-2.2105,0.2632,-0.3812,-0.0297,-2.318,-1.0269,-0.8771,-0.5709,-0.4017,-2.4792,-0.1454,-1.4594,-1.7072,-1.8336,-1.9853,0
294,-2.3313,-0.5965,-2.2615,-1.5538,-1.6829,-0.6992,-2.383,-1.4356,-1.5593,-0.8366,-0.5517,-2.5216,0.0325,-1.3129,-2.1149,-1.2508,-2.2718,0
295,-2.9203,1.3244,-0.9263,1.7087,0.0326,0.7845,-2.3386,-0.251,-0.91,-1.3313,-1.0061,-2.6382,0.04,-0.3907,1.4212,-2.5861,-0.2377,0
296,-2.5909,-0.5311,-0.4382,0.4351,-0.6654,0.3629,-2.4495,0.7121,0.2987,-1.7163,0.067,-2.4938,0.2937,0.0816,-1.2606,-1.9931,-1.2168,0
297,-3.6324,0.1849,-1.9182,1.1945,0.5595,-0.3666,-1.6055,-1.4749,0.2963,-1.5817,-0.2326,-1.7563,-0.3227,-0.5979,-0.095,-2.2108,-2.0489,0
298,-2.993,-0.5367,-2.253,-1.4254,-0.8873,-1.6527,-1.9976,-1.2059,-0.8368,-1.3393,-0.0168,-2.1386,0.1595,-1.8146,-0.7367,-1.819,-2.3928,0
299,-2.9777,-0.2992,-1.8455,2.081,0.035,0.0948,-1.3967,-0.3943,-0.9185,-1.0442,-0.5596,-2.1179,0.1656,-0.7873,-0.6777,-1.4664,-0.1327,0
300,-2.1978,0.2499,-1.6698,-0.5413,-0.2783,-0.4578,-2.4758,-0.7358,-0.3089,-1.1436,-0.542,-2.8258,-0.6522,-1.2361,-1.728,-1.9645,-1.3289,1
301,-2.2628,1.0006,-1.7183,2.3744,-0.8727,0.4496,-2.2803,0.2492,-0.7648,-1.3194,-0.8465,-2.57,-1.0387,-0.7222,-1.293,-2.3505,-1.5457,1
302,-3.042,1.2467,-1.3357,3.7423,-0.5701,-0.429,-1.5511,0.6477,1.7489,-0.9941,-0.5198,-2.5015,-0.1894,-0.5686,1.0042,-2.0505,0.7337,1
303,-4.037,-0.612,-0.2333,-0.9349,1.0051,1.1119,-2.6342,0.0309,-0.7026,-2.6271,-0.5592,-3.2057,0.1073,-0.2057,4.271,-5.157,-1.1411,1
304,-2.2713,5.2078,-0.3897,-0.1269,-0.6312,-0.3331,-2.3655,-0.0671,1.4209,-0.7836,-0.3332,-2.8498,-0.2442,-0.3018,1.0018,-2.2462,1.2965,1
305,-2.7764,-0.6776,-1.8491,1.0319,-0.6438,-0.8216,-1.6813,-0.3764,-0.317,-1.3424,-0.6566,-2.9539,0.0172,-0.539,-0.7777,-2.3959,0.1129,1
306,-3.6235,-0.4551,-2.0934,3.4654,-0.7275,0.0033,-2.56,0.2633,-0.4432,-1.9741,-0.7665,-2.9604,-0.8143,-0.7823,-0.3823,-2.9718,0.1339,1
307,-3.7359,-0.5284,0.4121,3.033,0.7766,0.8349,-2.4365,-0.4539,0.2356,-2.6555,-1.0092,-2.8439,0.3027,-0.6008,0.8902,-3.7308,-1.0914,1
308,-4.1212,-0.5389,-1.328,1.4563,1.437,0.7887,-2.9981,1.07,5.1099,-2.737,-0.5483,-2.5039,0.3997,-0.0454,0.8112,-4.0363,-0.4369,1
309,-2.6674,-0.4093,0.0911,0.9731,0.0446,0.9527,-5.1991,0.0009,5.6295,-4.3268,-0.0581,-1.7511,-0.0306,0.8829,2.0805,-4.1356,0.6329,1
310,-3.5955,0.5287,0.8285,4.4975,0.3775,2.4728,-3.0234,2.9389,0.5655,-2.3365,-0.0948,-2.4791,0.0563,1.1156,2.8119,-4.9678,0.0035,1
311,-2.4588,-0.4966,-0.9168,3.3268,-0.5245,1.3253,-2.5019,1.6184,-1.8982,-1.2123,-0.6373,-2.3499,-0.4494,-0.3003,-0.834,-3.0488,-0.241,1
312,-3.5725,-0.3011,-1.4345,-0.1735,-0.1688,0.284,-3.1573,1.6595,0.5176,-1.7612,-0.2935,-3.7223,-0.3671,-1.0624,3.6428,-2.8282,0.4174,1
313,-2.5445,0.5863,-0.6767,3.4129,0.0769,0.1456,-1.8852,0.9809,2.4893,-1.5507,-0.3356,-2.0896,-0.0703,-0.3573,2.9789,-3.7893,0.1196,1
314,-2.2176,-0.5093,-1.3301,3.0675,-0.4493,-0.7954,-3.6534,0.5496,1.2624,-3.3005,-0.7414,-3.3587,-0.4466,-1.1606,-1.8018,-2.8445,-0.6587,1
315,-2.3963,0.129,0.2764,1.0462,-0.8922,1.4779,-1.1579,0.1294,1.2068,-0.6148,-0.3933,-2.509,-0.7156,0.0198,1.7462,-1.6279,0.1842,1
316,-2.3984,-0.684,0.751,1.2924,0.2367,3.7989,-3.956,2.794,5.5642,-2.6278,-0.1598,-1.7292,0.3032,1.354,-0.161,-2.5834,2.7754,1
317,-3.2226,-0.1071,-1.154,1.0797,-1.3886,-0.0049,-3.056,0.5661,3.1341,-1.9399,-0.2028,-1.5019,0.189,-0.1613,0.9467,-4.122,0.2672,1
318,-2.06,1.5411,-1.9434,2.5885,-1.0272,-0.7702,-1.9807,-0.1993,0.7016,-2.0479,-0.3987,-3.0185,0.3028,-1.3188,-1.2963,-3.6265,0.1722,1
319,-2.5228,-0.3054,-1.7186,-1.2033,8.782,-0.3721,-1.6993,1.1592,-0.4189,-0.3308,-0.5539,-2.0021,-0.4719,-0.575,-1.032,-1.2001,-0.0193,1
320,-3.407,-0.5514,-0.2639,1.3841,0.7103,1.6662,-2.2082,4.3898,-0.7026,-1.5514,-0.9836,-2.6306,-0.1002,0.0612,2.9356,-2.5574,1.1661,1
321,-2.7924,-0.2398,-0.2643,0.8616,0.546,-0.4627,-2.3632,-0.2343,0.0355,-1.9325,-0.7376,-2.4999,0.1393,-0.8406,-1.472,-3.5301,-0.0923,1
322,-3.5671,-0.4926,0.2798,3.7999,1.2795,1.5873,-1.861,1.2751,0.4695,-1.7931,-0.3395,-1.8711,-0.9174,0.231,0.6027,-2.2869,-0.6469,1
323,-2.5697,-0.3746,-2.1492,0.2884,-0.9873,-0.7883,-2.807,-0.4534,3.5062,-2.5752,-0.2614,-3.1264,-0.1166,-1.3579,-0.9271,-3.6548,0.5213,1
324,-3.9099,1.6089,-0.8433,-0.5175,0.405,-0.2291,-2.3002,-1.3455,2.7313,-2.976,-0.0358,-2.7164,-0.0929,-0.4399,1.324,-5.0231,-1.0597,1
325,-3.7214,-0.4779,-0.0499,-0.8984,0.232,0.8127,-3.2946,-0.5249,-0.9876,-1.9765,-0.5644,-2.5422,0.0624,-0.3586,0.8627,-2.8858,0.4132,1
326,-3.7208,-0.1355,-1.8284,0.3528,-0.7687,0.0117,-2.6299,-0.7768,-1.7154,-1.0189,-0.4437,-1.8675,0.1536,-0.8436,0.7799,-2.522,-1.0091,1
327,-3.8723,-0.2589,0.1748,2.9916,0.1786,1.2174,-2.9601,3.0761,1.5323,-1.5421,-0.3116,-3.02,0.0227,0.3091,3.7128,-2.2226,0.1431,1
328,-2.4919,-0.3704,0.0934,3.3264,-0.1316,-0.7279,-2.9998,3.8266,-0.6327,-1.1323,-0.1953,-2.6201,-0.2684,-0.403,2.2019,-2.2896,-0.7045,1
329,-2.8316,-0.3265,-0.5505,1.7968,0.406,1.1415,-1.9239,0.2057,-0.1362,-1.7231,-0.0721,-2.5864,0.0495,-0.5166,0.4751,-2.4632,-0.0404,1
330,-3.9031,-0.7934,0.3543,1.5541,0.2414,0.8726,-0.4131,2.7772,-1.385,-1.04,-0.251,-1.3255,0.0668,0.1189,1.7791,-2.0018,1.4798,1
331,-2.8781,-0.4078,0.384,5.1411,0.7328,0.814,-3.3332,3.3672,2.5554,-2.0323,-0.4161,-2.8487,-0.4792,0.1133,0.4361,-2.7944,0.6061,1
332,-2.7397,-0.6952,-2.4301,-2.2315,-1.9605,-0.4769,-2.3405,-0.8906,-1.8216,-1.3109,-0.6983,-2.2642,0.0837,-1.4375,-1.9502,-1.9722,0.6181,1
333,-3.2751,4.4864,0.6448,1.2974,1.3702,1.4091,-1.3735,0.1199,1.6056,-1.3085,-0.4754,-1.5433,0.1177,0.5809,1.7063,-4.1992,-0.5389,1
334,-2.5039,4.0726,-1.1097,3.2954,-0.4265,0.0586,-2.8171,1.8152,0.8893,-0.183,-0.1457,-2.2789,-0.1314,-0.1428,-1.4101,-1.3051,-0.6206,1
335,-2.6648,-0.3644,-1.2406,2.9659,-0.5282,0.8714,-3.2889,0.238,-0.3508,-1.7012,-0.7516,-2.4221,-0.471,-0.5573,-1.2618,-2.0838,0.2267,1
336,-3.7685,0.2041,-0.3377,1.744,-0.6059,0.0229,-2.6402,0.4851,0.7852,-1.665,-0.4305,-2.3362,0.0833,-0.5591,0.0351,-2.7695,0.7177,1
337,-2.7863,-0.1947,0.839,3.8247,3.8622,0.6798,-2.3632,1.1093,2.1214,-0.1738,0.0423,-3.0151,-1.47,-0.684,3.31,-3.3561,1.0332,1
338,-3.5876,-0.4507,-0.7789,3.8261,0.6561,1.2785,-1.9384,0.8657,-0.7243,-1.8751,-1.2072,-2.8406,0.04,-0.5148,0.3844,-3.2582,1.2588,1
339,-1.8952,0.3672,0.0824,4.8704,-0.4734,1.2499,-1.9707,2.3867,0.9885,-0.4447,-0.6422,-2.6012,-0.1036,-0.4351,1.1664,-2.9712,1.8874,1
340,-1.0796,1.7721,-1.6721,1.8062,-0.1533,-0.5822,-2.4051,-0.8692,0.1633,-2.1069,-0.6247,-2.7729,-0.549,-1.1981,-0.7645,-2.7253,-2.4301,1
341,-2.4933,-0.5824,-0.5414,3.3035,-1.5574,0.5498,-2.6003,1.5468,-0.648,-0.9567,-0.4086,-2.8799,-0.4791,-0.9553,0.584,-2.443,1.2652,1
342,-3.4126,1.0917,-0.6373,1.6378,1.0758,-0.0733,-2.3618,1.2397,0.5175,-1.8791,-0.3328,-3.6041,-0.2614,-1.1733,-0.0589,-3.0489,-0.6997,1
343,-1.7791,0.0548,0.3649,4.4505,0.8472,1.2853,-2.6084,1.7518,-0.1014,-0.6918,-0.0702,-2.5088,0.4496,0.6817,1.0035,-2.2663,-0.7984,1
