,O15232,O60635,P00750,P08727,P08833,P14136,P16234,P18627,P19429,P21246,P52823,P55259,Q8IU54,Q96JP9,Q9P0M4,Q9Y653,Class Label
0,-1.6001,-0.5249,-1.6927,-1.8014,-2.517,-0.7651,-2.2049,-1.101,-4.1338,-1.8036,-1.5906,-1.9518,0.7865,-1.4141,-1.8066,-2.686,0
1,-1.4782,-0.466,-1.8249,-1.6734,-3.0414,-1.6108,-1.7358,-0.4854,-2.6296,-0.4288,0.129,-1.5554,0.5258,-1.5057,-2.127,-2.9263,0
2,0.0675,-0.6516,-0.6092,-0.8894,-3.6948,-0.977,-1.4122,0.3179,-2.6118,-0.5832,0.2898,-2.0926,1.9631,-1.7772,-0.6538,-2.2744,0
3,-0.4242,-0.5478,-1.4468,0.6776,-3.0438,-1.1503,-1.762,-0.8096,-4.136,-0.9649,0.7255,-1.4699,5.3879,-2.0033,-2.604,-1.5901,0
4,-1.4399,-0.3659,-3.2922,-2.5475,-4.8105,-1.1478,-1.9415,-1.7919,-2.7267,-1.9875,-1.4633,-1.0608,-0.2703,-1.3893,-1.8342,-2.0379,0
5,-1.3603,-0.0694,-1.8693,-1.3331,-4.5607,0.158,-1.3187,-0.4112,-2.6296,0.2136,-0.7232,-0.8851,-0.6551,-1.6386,-0.5331,-0.3322,0
6,-2.3461,1.3093,-1.8025,-1.9356,-3.2461,-1.62,-1.6701,-2.2442,-2.9143,-1.4167,-1.6887,-1.3811,-0.3644,-1.6321,-1.5658,-0.0394,0
7,-0.7602,-0.3254,1.0295,0.712,2.4906,-0.7732,-0.086,2.6966,-2.8797,-0.8177,0.7795,2.121,-0.1198,-1.728,0.2298,-1.6884,0
8,-0.9716,-0.243,-0.3431,1.8979,0.2895,-1.1913,-0.1094,0.9551,1.4871,0.3267,0.6759,-1.7817,3.0198,-1.506,-0.5346,0.4885,0
9,-1.0063,-0.4512,-2.5345,-1.4018,-0.7683,0.0404,-1.2394,0.0543,-2.7639,-1.3481,-1.3683,-0.9264,-0.0593,-1.9087,-1.4281,-2.634,0
10,-2.5039,-0.5319,-2.2734,-2.2409,-4.2622,-0.6708,-2.3238,-0.9891,-3.3822,-1.8392,-1.821,-0.7049,-0.5778,-1.9575,-2.0576,-2.3418,0
11,-2.223,0.4001,-2.6356,-0.9515,-1.1757,-0.898,-1.5621,0.4226,-2.6022,1.111,-1.503,-0.0926,-0.1396,-1.7447,-1.2532,-0.3552,0
12,-0.5803,-0.5338,-0.4056,-0.9688,1.3136,0.7451,-1.2856,-0.6937,0.1319,-0.9196,-0.1548,0.5265,-0.4241,-1.8238,-0.2798,0.811,0
13,-1.3324,-0.154,-1.7108,-0.9121,-0.7199,-0.4953,-1.5589,-0.7865,-3.335,-0.2195,-1.1618,-1.9932,-0.5348,-1.773,-1.1169,-1.2235,0
14,-1.9193,-0.6865,-1.4403,-0.9237,-1.1704,-0.5176,-1.3598,0.4775,-2.4864,0.0285,-1.2996,-2.0117,1.1457,-1.6523,-0.8708,0.7409,0
15,-0.2728,-0.5761,-0.6757,-0.8406,-0.4567,0.126,-1.0492,-0.6899,-0.2009,0.2507,-0.3299,-0.819,0.2237,-2.0631,-0.7308,0.3453,0
16,0.1895,-0.3698,-0.6034,1.2164,0.1958,0.381,-1.3739,1.096,-2.5828,-0.07,-0.0348,-0.2763,1.2953,-1.75,0.2867,0.7563,0
17,-1.0826,-0.3803,-2.2762,-0.0818,-1.6845,0.0492,-0.8738,0.0426,-2.3497,-0.808,-0.2383,-0.431,0.7792,-1.9721,1.6519,-0.4875,0
18,-1.8059,-0.5298,-1.3143,-0.1718,-0.9437,-1.2867,-1.7676,-0.2468,-2.4995,-0.8499,-1.1442,0.1909,1.9018,-2.0728,-1.2732,-2.3941,0
19,-0.979,0.0557,-2.632,-2.136,-0.2287,-1.6155,-2.0664,-1.5527,-3.6085,-1.3627,-0.5193,-2.35,-0.4539,-1.9484,-0.9941,-2.5527,0
20,-0.4021,-0.5123,-0.1336,2.7585,0.8399,-1.5578,-0.8444,0.9474,-3.3278,-0.174,0.0619,-1.8753,1.9499,-2.056,-0.8581,-1.3806,0
21,-1.407,-0.7125,-1.0164,0.5294,-2.7426,-1.1081,-1.6401,0.659,-2.8816,-0.7618,0.1803,-2.3148,2.5028,-2.0907,-1.4254,-1.4878,0
22,-2.1865,-0.3379,-2.9137,-1.6883,-1.9215,-1.0901,-2.0383,-1.3058,-2.748,-0.7381,-1.6136,-2.3094,-0.2952,-1.4293,-0.2189,-2.624,0
23,-0.3548,-0.4488,-0.5713,0.4,2.2202,0.6488,-0.9047,1.1594,-2.6625,0.3204,0.6345,-1.4042,3.4749,-1.7212,0.0949,0.92,0
24,-0.9766,-0.5921,-2.8485,-1.6008,-0.2504,-1.3862,-0.9625,-0.1645,-3.429,-1.2446,-1.5525,-1.6687,1.104,-1.6825,-1.7853,-2.2089,0
25,-0.9744,-0.4203,-0.4798,0.3835,0.3436,0.6477,-1.6073,-0.3905,-2.3944,0.0958,-0.7555,-1.3765,1.6764,-1.7522,-0.8594,-0.3697,0
26,-0.7919,-0.4407,0.9663,-0.6728,-3.5069,-1.3534,-1.734,0.0791,-3.7616,-0.4357,-0.647,-1.5292,1.7039,-1.9864,-1.771,-1.9856,0
27,-2.0438,-0.5005,-3.0577,-1.0028,-3.3602,-0.9432,-1.5413,-1.7387,-2.8639,-1.7363,-2.0554,-1.1191,-0.972,-1.7809,-2.1403,-2.6657,0
28,-0.5993,-0.4692,-1.6363,2.327,-1.5213,-0.6794,-0.7608,-0.5356,-3.4948,-1.7479,-0.3761,2.0859,-0.5295,-2.2617,-0.4286,0.724,0
29,-1.3889,-0.5418,-1.64,1.3373,-0.7143,-1.2513,-1.3886,0.3183,-2.2861,-0.7705,-0.1605,-2.0896,2.7934,-1.6457,-1.2526,-1.4142,0
30,-1.41,-0.4103,-1.6768,-0.9011,-1.944,0.0029,-1.1928,0.4143,0.8171,-1.5215,-1.7484,-0.8248,1.699,-1.7547,-0.4277,-0.9516,0
31,0.3356,-0.2177,-0.8661,2.3232,-0.9791,0.7021,-1.3761,-0.224,-0.8234,-0.4888,-0.0687,-0.9085,1.4006,-1.6345,-0.7159,-2.3992,0
32,-2.0486,-0.2899,-1.5969,-1.4838,-3.462,-1.1469,-1.9013,-0.5417,-2.85,-0.34,-1.0272,-1.6479,-1.2406,-1.6225,0.4643,-2.6264,0
33,1.3212,-0.3272,0.2951,3.2453,2.3017,2.6116,0.241,0.02,2.6864,-0.1182,2.3746,1.2906,0.4798,-1.1753,3.5425,-0.1208,0
34,-1.1697,-0.016,-1.7601,-1.0321,0.8256,-0.5953,-0.8158,-0.3598,0.1301,-0.1267,0.2761,-0.9761,-0.5925,-1.6973,-0.7792,-0.1469,0
35,-0.7433,-0.2673,-1.0957,2.4025,-4.2872,-1.05,-1.4551,-1.2861,-2.3621,-1.1344,-0.1039,-1.4451,0.9989,-1.2324,-1.1333,-2.6336,0
36,-0.7061,-0.3387,-0.5349,2.3377,1.4447,-0.1869,-0.8543,0.4258,1.5798,0.5628,0.7707,-0.8346,2.2708,-2.008,-1.4618,2.2021,0
37,-1.1631,-0.7439,-2.1984,-0.7759,-1.1537,-0.2844,-2.0024,-0.7328,-2.1001,-1.6669,-1.5643,-1.0459,-0.0329,-1.2996,-2.3139,-2.5304,0
38,-0.9156,-0.8293,-1.0088,-1.1688,-2.5117,-1.0904,-2.1127,-1.1418,-3.4782,-0.913,-1.5174,-0.7601,0.8747,-1.6555,-1.0883,-2.0457,0
39,-1.1496,-0.08,-1.0369,0.1642,-2.0039,-0.6277,-1.506,-0.0222,-3.2826,-0.0977,-0.3686,-1.0227,0.2881,-1.7636,-0.5944,1.239,0
40,0.2807,4.5702,-0.1205,3.8743,2.6312,-0.007,-1.4353,0.3349,-0.343,-0.4223,0.3586,1.8285,2.8906,-1.3463,-0.7155,2.2478,0
41,0.0158,-0.3007,-1.1582,2.5852,0.1573,0.1802,-0.7298,0.9496,-2.3252,0.8265,0.4423,-0.1938,3.7864,-1.9314,-0.7795,-1.1646,0
42,-1.1172,-0.4644,-1.3323,-0.8912,0.0564,-0.3151,-1.816,-1.1773,-3.3129,-0.5194,-0.541,-1.6665,-0.3775,-1.9304,-0.3355,-2.3599,0
43,-0.9617,-0.5068,-1.0528,-0.4527,1.3091,-1.8937,-1.1331,-0.8317,-3.0148,-1.1044,-0.9577,3.2841,-1.5207,-1.606,-0.5911,0.6887,0
44,-0.0322,-0.3404,-2.653,1.7506,-2.2801,-1.4149,-1.8524,-1.4618,-2.672,-1.5983,-0.731,0.9123,1.5945,-1.8182,-1.9261,-0.7227,0
45,-0.8944,-0.3993,-1.016,-1.2995,-3.3232,-0.3656,-2.0191,0.9316,-3.3833,-1.2628,-0.4975,-0.9035,2.1587,-1.7818,-2.1152,-1.7442,0
46,-0.3413,-0.8547,-1.0474,1.0837,-1.7548,-1.6338,-1.6141,-0.159,-2.8013,-1.1312,-1.5182,-1.6465,1.6822,-1.2934,-0.1163,-2.1267,0
47,-0.0466,-0.4684,-1.2442,1.6422,-0.8914,-1.3531,-1.5771,-1.0736,-2.1427,-0.264,-0.6145,-0.3812,-0.6895,-1.386,-1.2834,-2.9592,0
48,-1.9945,-0.4078,-2.1474,-0.2459,1.7303,0.1014,-1.847,-0.8372,-3.1365,-0.0768,-0.3974,-1.3327,0.2135,-1.7335,0.6121,-1.479,0
49,-0.289,-0.3992,0.5246,1.6058,-0.0748,-0.476,-1.3697,0.2326,-3.5195,-0.7244,-0.674,0.2046,2.1712,-1.8261,-1.16,-1.4837,0
50,-0.324,-0.3396,-1.5501,-1.0757,-0.3932,-0.2996,-1.2928,-1.0363,-1.9345,0.0009,0.3826,-0.9311,-0.0545,-2.2291,-1.0105,-0.1552,0
51,0.0824,-0.5603,-1.044,-0.1823,-1.1469,0.3076,-1.3315,-0.4074,-2.9966,-0.6819,-0.7021,0.9874,0.1939,-1.6516,-2.2708,-2.0301,0
52,-1.9059,-0.8687,-3.3829,-1.1945,-0.5721,-1.2921,-1.7777,-2.4839,-4.0167,-1.2345,-1.816,-1.1827,-0.6844,-1.9782,-1.6901,-2.5655,0
53,-0.7468,-0.4333,-1.9091,-0.0651,-2.8834,-1.2179,-1.4112,-0.3196,-2.4258,-1.8732,-0.4169,-1.9592,1.12,-1.6996,-0.6921,-1.9468,0
54,0.627,-0.6557,0.9179,2.0131,0.237,-1.362,-1.3242,0.4798,-2.9232,2.5014,-0.0883,-1.6505,3.742,-1.49,-1.114,-0.226,0
55,-0.4672,-0.564,-0.9468,1.8139,-0.3768,-2.7838,-1.5166,-1.0512,-1.6874,-1.3482,0.3499,-1.927,1.8805,-2.0316,-2.0408,-2.0838,0
56,-0.2941,-0.1772,-1.4655,-0.7752,0.0675,-0.4179,-0.9113,0.0161,-2.7002,-0.3395,-0.7558,-1.5545,3.0855,-1.6621,-1.7687,-0.858,0
57,-0.7026,0.4,0.4682,0.7035,1.675,0.0387,0.737,0.5736,-2.5782,0.363,0.0552,0.7749,-0.7934,-1.9152,-0.9122,2.2999,0
58,-1.9399,-0.2928,-1.0387,1.986,-3.3921,-1.8472,-1.7452,-0.2909,-1.5645,-0.7348,0.2167,-1.6006,2.8428,-1.4994,-1.6394,-2.4561,0
59,-0.0273,1.8752,0.0919,2.156,1.0439,0.1802,-0.3345,1.1504,-2.9974,-0.1989,-0.9835,1.675,1.157,-1.4418,-1.3007,0.8109,0
60,-0.7601,-0.2113,0.1088,5.5691,2.7252,-0.1005,-1.1556,-0.9113,1.0424,-0.5989,2.7774,1.1285,-0.6856,-1.6507,2.9217,-1.7414,0
61,3.3361,-0.4791,1.6075,0.3347,3.2163,-0.3137,0.7303,-0.2298,3.5251,3.4607,3.9282,2.351,-1.7924,-1.9922,0.7957,1.3266,0
62,-1.8213,-0.6029,-1.7686,-1.6798,-4.3444,-1.7203,-1.6033,-0.2018,-3.0012,-1.7979,-1.1544,-2.6218,0.8943,-1.1813,-2.1539,-2.8154,0
63,-0.6973,-0.4076,-2.3917,-2.0351,0.8977,-1.3854,-1.3276,-0.2875,-3.2176,-1.1925,-0.4205,-2.2016,0.5074,-1.5452,-1.2131,-2.605,0
64,-0.4496,-0.5948,-1.6209,-0.2586,1.8729,0.0781,-0.2325,-0.1434,-3.0562,0.2716,-0.7384,-0.4059,0.0156,-1.4758,0.3532,-1.104,0
65,-0.7893,-0.4875,-1.6668,0.2836,-3.388,-1.0524,-1.6777,0.0728,-2.811,-1.1257,-0.1573,-0.7528,2.6069,-1.6501,-1.3861,-1.5809,0
66,0.8226,0.0234,-0.4066,1.79,0.1494,-0.5254,-1.2828,0.8097,-2.9058,-0.8336,0.0823,0.3622,1.8909,-1.0157,0.4902,0.3121,0
67,-1.3243,-0.6028,-0.9246,-0.5533,-2.1855,-0.4961,-1.1432,0.5084,-2.7993,0.4171,-0.5943,-1.0927,1.3565,-1.6624,-0.2266,0.7486,0
68,-0.9865,-0.786,-1.3132,2.473,-2.6334,-0.6388,-1.2113,0.4979,-3.2474,-0.8298,-0.9776,-1.1528,2.6968,-2.0073,-1.2975,-1.6696,0
69,-1.1273,-0.6401,-2.0269,0.8719,-2.8681,-1.0101,-2.0111,0.5264,-3.6926,-1.4742,-1.1599,-1.157,1.0893,-2.0835,-1.8218,-2.6205,0
70,-2.155,-0.8684,-1.1834,1.4298,-0.3824,-0.3561,-1.6434,-0.9656,-2.042,-0.9788,0.0122,-1.937,-0.469,-1.5316,-1.3702,-1.7694,0
71,-1.0623,-0.4407,-1.5187,1.4226,-1.1542,-1.2902,-1.7827,0.1812,-4.345,-0.5065,-0.5076,-0.7198,1.6375,-1.1652,-1.3028,-1.9175,0
72,-0.2548,-0.1209,-0.7752,0.4519,1.8237,-0.0832,-0.1326,0.9084,-0.5783,-0.2611,-0.3147,-1.1202,1.6063,-1.0097,4.0249,-1.97,0
73,-1.2248,-0.6282,-1.8374,-0.4994,2.1454,-0.4616,-1.202,-1.627,-1.2869,-1.1687,-1.0787,-0.3242,-0.0148,-1.271,-0.2959,-2.4189,0
74,-1.4072,-0.1697,-1.5118,1.094,-1.1161,-0.4113,-1.6907,-0.4412,-3.3551,-1.3314,-0.6347,-1.8526,1.5101,-1.0401,-2.5424,0.3341,0
75,-0.738,-0.4743,-0.7953,0.1591,-3.8335,-1.4011,-1.5015,-0.5565,-3.256,-1.2284,-0.3686,-1.1488,1.621,-1.8751,-1.1136,-1.1394,0
76,-1.1627,-0.5708,-1.0097,0.9485,-0.4508,-0.4923,-1.1431,-2.03,-3.3038,0.1844,-1.8331,-0.4259,-0.8323,-1.8079,-1.3096,-2.3592,0
77,-1.2417,-0.8541,-1.3271,0.1409,-2.6048,-0.8054,-2.0204,-1.2209,-3.1917,-1.4753,-0.7274,-1.6921,0.395,-1.7896,-0.7157,-2.6135,0
78,-0.2612,-0.3723,-1.6573,-1.4749,-3.6024,0.3222,-1.4461,-0.194,-3.4418,-0.3711,-1.1365,-0.9087,0.2103,-1.7063,-0.1074,-2.4789,0
79,-2.3884,0.7526,-1.8576,-2.5462,-5.3324,-0.7544,-1.9794,-1.5147,-2.8613,-0.7029,-1.4744,-1.4625,-0.3438,-1.7735,-2.6879,-2.9338,0
80,-1.1244,-0.4459,-2.2485,-0.2797,-5.5291,-1.936,-2.2023,-1.369,-2.996,-2.0093,-1.6333,-2.1725,1.1101,-1.7417,-1.7386,-2.9716,0
81,-1.4204,-0.5083,-2.1731,-2.064,-1.4823,-1.0567,-1.5903,-0.8747,-3.2187,-1.9631,-0.6591,-1.7372,-1.106,1.179,-1.6502,-2.3585,0
82,-0.8742,-0.4247,-0.5887,0.2633,-1.9163,-1.0576,-1.1058,0.3889,-2.7579,-0.3344,-1.6729,-1.4973,1.011,-1.4581,-0.4439,-2.1645,0
83,-1.3674,-0.3622,-0.4925,0.0009,-2.879,-1.8891,-1.5097,0.6851,-3.5013,-0.6963,-1.0947,-1.1809,2.5592,-1.7999,-2.0396,-1.0725,0
84,-0.4583,-0.6937,-1.1204,0.992,0.4074,-0.027,-0.8782,0.649,-0.095,-0.6535,0.1668,-1.193,2.3139,-2.0735,0.1633,-1.5833,0
85,-0.4617,-0.6603,-1.4346,0.4517,-1.8421,-0.8246,-1.8027,-0.7279,-3.4078,-1.5829,-0.6976,-1.1612,1.1199,-1.3243,-1.7744,-1.8386,0
86,-0.448,-0.3779,-1.5898,0.7693,-2.1369,-1.7785,-1.7687,-0.6463,-3.1707,-2.0965,-0.3422,-2.6236,2.1095,-2.205,-1.9024,-2.3192,0
87,-0.2772,-0.5437,0.1583,1.089,-1.5194,-0.2792,-1.1603,0.7093,-3.1448,0.73,1.0257,-1.5479,2.9602,-1.4533,0.7143,1.5214,0
88,-0.4958,-0.5898,-0.8941,0.6779,1.2334,0.574,0.3529,-0.1382,-1.24,5.0764,0.1461,0.8129,-1.3825,-1.8593,-0.6177,0.1883,0
89,0.1573,-0.3776,-0.9869,2.0998,-2.3467,-0.1049,-1.2672,-0.8499,-2.9421,-0.3438,0.3137,-0.9652,1.8328,-1.8979,-1.0246,-0.6337,0
90,0.1754,-0.657,-1.4549,-0.1384,-1.72,-0.9097,-1.5261,-1.1627,-3.87,-1.3645,0.3645,0.2274,0.2593,-1.7485,-1.9363,-2.5561,0
91,-1.4813,-0.2442,-1.4529,-1.0365,-4.5166,-1.2689,-1.3937,-0.471,-2.0607,-0.9144,-1.036,-1.4651,2.708,-1.5584,-0.0127,-1.9369,0
92,-0.9889,-0.5154,-1.0727,1.9552,-1.1406,-0.2169,-1.0862,-0.6334,-3.2655,-1.6215,0.4893,-1.6979,1.3475,-2.2101,-1.4633,-3.2921,0
93,-1.2926,-0.7773,-1.1333,1.5988,-2.6211,-2.0712,-1.5102,-0.003,-2.337,-1.1526,0.1502,-1.0726,1.7227,-1.7866,-0.9805,-0.5657,0
94,-1.0735,-0.3706,-1.5907,-0.5892,-0.3576,0.6278,-1.5825,0.4079,-4.5936,-0.1256,-0.5179,-0.3596,0.8269,-1.7543,0.4292,-0.7076,0
95,-2.0787,-0.287,-1.1824,-1.8291,-5.2188,-1.1401,-1.6142,0.1438,-2.2265,0.4875,-0.5851,-0.9488,1.8631,-1.5006,-0.4389,-1.2862,0
96,0.46,0.1917,-0.6704,2.1125,-1.5295,-0.6186,-1.8883,0.2219,-2.7122,-0.4071,-0.6124,-1.1895,3.1761,-1.6475,-0.5904,-1.8982,0
97,-1.8443,-0.3884,-0.6514,-1.592,1.1031,0.2371,-1.6817,0.3122,2.013,-0.8812,0.7495,0.0557,1.463,-1.8296,0.6014,-1.6619,0
98,-1.0624,-0.576,-1.2877,0.9495,-1.3299,-1.3902,-1.3927,-0.574,-3.4108,-1.772,-0.4422,-2.3166,2.9519,-2.0879,-1.4588,-2.0069,0
99,-1.4788,-0.346,-2.2953,-0.3744,1.4413,-0.5134,-1.3024,-1.8992,-2.7855,-0.1017,-1.4589,-1.3916,-0.5791,-1.6566,-0.512,-1.7349,0
100,-1.7339,-0.6044,-2.2275,-1.3552,-1.9633,-1.142,-2.1198,-0.7542,-4.0833,-1.0252,-0.3609,-2.2701,0.7979,-1.4783,-2.1554,-2.2859,0
101,-0.5471,0.0089,-0.8316,-0.4278,-1.0756,-0.9724,-1.6415,-0.4585,-2.7957,-1.8652,0.5546,-1.3697,1.2858,-1.675,-2.3054,0.3621,0
102,-0.6279,-0.5795,-2.5992,0.2889,-0.2303,0.0474,-0.6552,0.1161,-3.3542,-0.7703,0.1653,1.7113,0.21,-1.4114,0.8313,-1.3527,0
103,-1.0543,-0.19,-1.3732,-1.2057,-2.814,-1.193,-2.2218,-0.1808,-3.3983,-1.0604,-0.7821,-0.3853,0.9523,-1.5684,-2.2072,-1.9461,0
104,-2.3397,-0.6829,-1.6884,-1.5749,-1.4177,-1.2052,-1.5694,-0.9997,-2.617,-0.875,-0.9329,-2.4762,-0.6778,-1.9053,0.7769,-0.8245,0
105,0.849,1.2687,0.0617,5.2902,2.0013,-0.8051,-0.7316,1.0022,-1.717,0.1278,2.1297,3.1662,3.6979,-1.5759,-0.2815,1.4189,0
106,-0.7051,-0.8096,-0.9183,-0.1523,1.9083,-0.2829,-0.7873,-0.09,-3.3083,-1.5822,-1.0505,-2.2311,1.118,-2.3048,-0.5876,-1.4822,0
107,-0.3908,0.309,-0.3573,1.3037,-1.6704,-1.9735,-1.2227,-0.391,-2.9514,-1.0989,-0.2217,-0.2163,0.3184,-1.9455,-1.7325,0.0998,0
108,-0.5732,-0.2616,-1.3233,0.2945,-3.8141,-1.3388,-1.9096,-0.157,-3.0386,-0.7061,0.6958,-2.1744,1.9798,-1.4408,-1.0932,-1.7773,0
109,-0.2803,-0.5937,-2.4197,0.8956,0.9418,0.3344,0.0375,-0.0546,-1.2448,0.2263,0.6811,0.7363,0.8318,-1.5662,-0.5652,-1.1602,0
110,-1.0938,-0.5728,-0.6509,1.2422,2.4703,-0.8892,0.0185,1.1865,-3.3259,0.0316,2.0014,0.1505,1.6992,-1.3985,0.7413,1.5435,0
111,-0.4183,-0.2011,-0.4301,2.9514,2.4494,0.1782,-1.4823,0.3952,-0.4383,1.6874,1.4576,-1.3252,4.3083,-1.2994,0.7208,-1.082,0
112,-1.4381,-0.6987,-2.2649,-0.6229,3.1664,-0.9811,-1.6583,0.1551,-3.2452,-0.8061,-1.804,-1.8266,2.7637,-2.2119,-1.0618,-1.9367,0
113,-0.1827,-0.261,-2.5501,-2.0688,-2.7802,-1.3178,-2.3055,-2.5922,-3.0285,-2.3084,-1.7127,-1.9069,-0.9235,-1.737,-2.4447,-2.9843,0
114,-0.608,-0.4026,-1.058,0.6921,-0.7348,-0.2221,-1.4412,-0.5894,-2.8198,-1.1666,0.6774,1.1963,-0.9624,-1.7877,-1.7065,-1.2682,0
115,-2.8075,-0.3949,-0.7345,-1.4518,-2.0668,-0.8188,-1.968,-2.1947,-2.9055,-1.1939,-1.7967,0.9908,-0.471,-1.5767,-1.8553,-1.8654,0
116,-1.4582,-0.802,-1.948,0.0353,1.0539,-1.5418,-1.9325,-1.3765,-3.1298,-1.6383,1.0365,-1.9931,-0.4762,-2.0263,0.5255,-2.1145,0
117,-0.5545,-0.0731,1.5559,2.8818,2.8758,0.1983,-0.9265,0.4331,-2.6624,0.1317,3.4017,-1.0554,2.9541,-1.7838,-0.7978,-0.8081,0
118,-1.4578,-0.2905,-1.5166,0.1981,-2.5039,-1.3529,-1.9851,-0.2974,-2.745,-0.3392,-0.7445,-1.1114,1.7113,-1.6707,-0.7296,-2.3782,0
119,-0.3304,-0.452,-0.0534,0.6119,0.7084,-2.0707,-1.643,-0.8135,-2.8607,-1.1239,0.7478,-0.5601,1.039,-1.4665,-2.9989,-0.3071,0
120,-1.0393,-0.631,-1.7685,0.4228,-4.8377,-1.357,-1.7091,-0.3395,-2.8331,-0.6388,-0.2564,-2.6035,3.0453,-1.833,-0.4172,-2.9649,0
121,-0.2159,0.5063,-1.5183,2.7187,0.9943,-0.696,-1.5566,-1.0354,-1.5293,-0.6284,1.3,0.2997,1.1068,-1.5155,-1.2921,-1.3614,0
122,-0.0028,-0.6531,0.5471,0.2497,0.1493,0.7344,-1.0912,0.5584,-3.4854,-0.539,0.17,-0.9222,2.3468,-2.0461,-1.3394,-1.2085,0
123,-0.1489,-0.6037,-1.8414,-1.7611,-3.6931,-1.293,-1.8255,-0.6497,-4.0857,-2.5223,-1.0352,-1.0638,0.4112,-1.475,-1.658,-1.8712,0
124,-0.8083,-0.6718,-1.564,-0.597,-4.0849,-2.0069,-2.2332,-0.9536,-2.9739,-1.3955,-1.4025,-2.8065,0.3378,-1.7019,-1.2323,-2.5156,0
125,-1.8783,-0.3344,-1.0545,0.1455,-2.869,-1.391,-1.7717,-0.2152,-3.3808,-0.3477,-1.1631,-2.7558,2.6453,-1.6036,-2.0573,-2.8773,0
126,-1.6913,-0.4279,-1.8079,-1.0631,-3.1279,-1.5292,-1.728,-0.3952,-3.2048,-0.9946,-0.9513,-1.8022,1.7629,-1.7315,-1.8112,-2.5561,0
127,-1.0715,-0.7475,-1.1356,0.0892,0.2444,0.8782,-0.6306,-0.0293,-2.3509,-0.696,-1.3903,-1.1547,0.5513,-1.4918,1.7847,0.6602,0
128,-1.0436,-0.5718,-0.8216,0.3064,-1.5256,-0.7694,-1.2779,-0.0572,-2.6211,0.0161,-1.1692,0.253,1.8719,-1.1907,-0.6618,-0.808,0
129,-1.3875,-0.6773,-1.4961,0.9303,-2.7641,-1.2764,-2.2777,-0.996,-3.1788,-1.6629,-0.4291,-0.6705,0.2664,-1.8613,-1.4687,-0.4982,0
130,-2.2685,-0.3009,-1.8577,-2.6781,-5.0606,-1.3452,-2.0507,-1.1548,-2.1159,-0.2931,-0.7564,-2.2929,-0.5392,-2.0046,-1.5801,-2.4524,0
131,-2.2704,-0.4223,-1.0043,-1.8127,-2.9568,-1.4335,-1.6418,-2.3344,-2.6711,-1.0451,-1.2611,-0.0561,-0.2022,-1.9564,-2.0675,-1.8188,0
132,-0.7404,1.3777,-2.0549,-1.9223,-0.1787,-1.0982,-1.2279,-1.0838,-2.0856,-1.4424,-0.9416,-0.1522,-0.2448,-1.3996,-0.8471,-2.1033,0
133,-2.4698,-0.638,-1.3337,-0.4366,-2.5132,-0.2939,-1.8184,-0.6936,-2.9284,-0.5106,-0.7125,-1.0321,0.1207,-1.6601,-0.5944,-2.7871,0
134,0.0804,-0.5973,-0.5804,1.0863,-1.1896,-0.5056,-0.947,0.0108,-2.2633,-0.6812,-0.1712,2.7287,1.222,-1.6202,-0.0148,-1.5997,0
135,-1.4967,-0.6634,-2.0992,-0.9239,-4.5541,-1.4407,-1.5178,-0.8034,-2.7803,-0.8426,-1.5003,-1.679,1.4145,-1.6563,-1.8398,-1.9098,0
136,-0.0137,-0.7351,-2.0779,-1.1008,2.2402,-1.0969,-0.7692,-0.263,0.3258,-1.4209,0.3492,-0.7866,2.3162,-1.213,-0.2111,-1.9713,0
137,-0.6576,-0.3111,-1.619,1.3872,1.9162,-0.8962,-1.5772,0.0767,-3.3687,-0.6201,-0.6509,-0.6957,2.4114,-1.3771,-2.3952,-1.5628,0
138,-1.2136,1.5248,-1.0195,1.4102,-2.0555,-0.8531,-1.6388,-0.9857,-3.0353,-2.0855,-0.4239,-1.1048,0.1869,-1.3161,-0.5944,-1.9828,0
139,-0.5853,-0.304,-0.379,1.9963,3.1635,-0.2042,-0.1482,-0.8028,-3.5672,2.0202,1.3575,-1.3526,1.546,-1.551,-0.5187,-0.9276,0
140,0.4262,-0.4917,-0.958,3.5015,-2.3791,0.7798,-0.9779,0.2925,-3.7632,-1.4459,-0.0131,-0.1863,2.4081,-1.8392,-1.2544,0.2433,0
141,-0.1683,-0.2129,-1.193,-0.3521,-2.925,-1.1215,-1.4867,0.1883,-3.5394,-0.8402,-0.0099,-1.3883,2.7674,-2.0542,-1.8653,1.2048,0
142,-1.896,-0.3534,-2.1133,-1.4808,-2.949,0.6721,-1.7895,-1.0232,-2.8801,-0.0132,-1.7851,-1.2154,-1.1792,-1.5741,-0.1981,-0.541,0
143,-0.654,0.2477,0.3256,-1.661,-1.2609,-0.524,-2.1829,-0.5065,-1.584,-0.0977,0.0314,0.8253,-0.2209,-1.7971,-1.3207,0.6908,0
144,-0.9711,-0.5834,-1.6436,0.0582,-1.5511,-0.8711,-1.7645,-0.0455,-3.8744,-1.119,-0.255,-1.9239,2.3923,-1.6434,-1.527,-3.0034,0
145,-2.0546,-0.6163,-2.7308,-1.7926,-2.8781,-1.1365,-2.0502,-0.7239,-3.705,-1.2683,-1.9478,-1.2022,0.811,-2.2482,-1.5402,-2.1812,0
146,-1.5837,-0.706,-2.1525,-1.6372,-0.8268,-1.0099,-1.3265,-0.6559,-3.2975,2.3242,-1.6679,-1.7131,-0.7174,-0.9669,-0.485,-2.2439,0
147,-0.4416,-0.5258,0.5704,-0.5789,-2.6994,-0.7136,-0.9191,-0.6193,-2.3054,-1.4976,1.318,-0.255,0.5472,-1.3247,-0.2762,-0.7827,0
148,-1.5125,-0.6119,-1.7422,0.1127,0.4818,-0.9485,-1.7025,-0.7786,-2.5211,-0.5824,-1.1522,-1.2127,0.5184,-1.4921,-1.4462,-2.2104,0
149,-0.3781,0.0756,-0.5363,-0.7269,0.3284,-0.1991,-0.3905,-0.7599,-2.244,-0.6892,0.3641,0.3071,0.0429,-1.4781,0.2532,-1.7909,0
150,-0.3453,-0.5267,-0.7279,1.7343,-0.1761,-0.8932,-1.1953,-0.7404,-3.5905,-0.591,-0.3514,-1.7206,1.7389,-2.1257,-0.9118,-1.2681,0
151,0.5866,-0.3981,-1.3265,3.1105,-1.145,-0.1636,-1.229,-0.0313,-2.5381,0.5102,0.7223,-0.5405,3.1068,-1.5523,-0.811,-1.3793,0
152,-0.5955,0.0085,-2.0475,-1.0959,-0.7923,0.2961,-1.1483,-1.4405,-2.1605,-0.6612,-1.5576,2.8949,-0.1238,-1.9655,-0.1813,0.3543,0
153,-0.9762,-0.398,-1.3599,0.8728,-1.4987,-0.9177,-1.2772,-0.2617,-2.4758,-1.2488,-0.267,-0.9403,2.1693,-1.4937,-0.6135,-2.0356,0
154,-0.0643,0.5269,-1.001,1.4544,-2.0632,-0.3972,-1.471,0.0344,-1.7544,-1.3783,0.0193,-0.7237,2.4414,-2.624,1.0575,-1.5471,0
155,-0.7366,-0.1259,0.7277,-0.4775,0.5774,0.0868,-1.0335,-1.1585,-2.1205,0.9431,-0.1852,0.2838,-0.1291,-1.7809,2.0231,-0.4382,0
156,0.0659,-0.7038,-1.4621,-0.6806,-3.3421,-1.6469,-1.9715,-2.3832,-3.2802,-0.9625,-0.9663,0.4979,-0.3613,-0.8936,0.5012,-2.6875,0
157,-1.6614,-0.6844,-1.3889,-0.6074,-1.923,-0.9041,-1.8743,-1.2345,-3.7317,-0.6292,-1.454,1.2249,1.1613,-1.499,-1.6742,-2.5658,0
158,-0.7242,-0.2161,-1.0777,2.9657,-1.1286,-1.2553,-0.7369,0.1852,-2.7776,-0.4622,-0.11,-2.1513,3.0001,-1.1909,-1.7238,-1.5178,0
159,-1.8941,-0.6323,-2.228,-1.1371,-2.8102,-1.3611,-1.9858,-0.4803,-3.5484,-1.4692,-1.4457,-0.4812,1.2885,-1.6699,-0.7574,-2.0995,0
160,-1.005,-0.4621,-2.4644,-0.7463,1.4136,-0.8255,-1.2734,-0.6518,-2.5842,-0.4245,-1.3317,-1.1443,-0.1735,-1.6214,-1.0539,-0.5812,0
161,1.171,-0.6381,-0.8405,2.1332,-0.2486,-1.169,-1.4322,0.046,-3.0175,-1.7398,0.219,1.1459,0.6239,-1.8329,-1.4037,-1.0736,0
162,0.5941,-0.1707,-1.8639,2.0456,-1.0872,-0.9628,-1.6606,0.4002,-2.6462,-0.5631,-0.2436,-0.7144,1.9157,-1.6051,-1.1485,-1.1277,0
163,-0.8728,-0.542,-0.8538,0.2228,-0.4219,-0.8032,-1.6593,0.0827,-3.5581,-0.93,0.2762,-1.5327,1.9951,-1.3176,-0.88,-1.2768,0
164,-0.7708,-0.7844,-1.3724,-0.0822,2.3817,-1.0112,-0.1884,-1.5635,-3.171,1.6059,0.7929,-0.8759,0.2212,-2.1686,3.2687,-1.0221,0
165,-1.3177,-0.5211,-1.7643,3.2406,0.1265,-1.6049,-1.5167,-0.5466,-3.043,3.8405,-0.4878,-0.9067,-0.2682,-1.3858,-0.9218,-0.1332,0
166,-1.1311,-0.8031,-2.4449,-0.0937,-1.5603,-1.7751,-2.422,-1.3394,-4.0762,-1.5916,-0.7631,-2.0558,-0.155,-1.6483,0.1259,-2.8915,0
167,-0.2231,-0.48,-0.8791,0.5022,-0.2906,0.07,-1.1506,0.5069,-3.0804,-0.1999,-0.3454,-0.4921,2.6848,-1.3219,-0.952,-1.6403,0
168,0.198,-0.4108,-3.7245,-0.1704,0.2163,-1.0549,-0.4939,-0.6413,-0.0629,-0.2904,0.4995,1.2254,0.3483,-1.5298,-0.2108,-1.3377,0
169,-0.7824,-0.0173,-2.3019,1.7546,2.2284,-0.3493,-0.6798,-1.6433,-3.285,-1.4231,-1.9503,-0.0544,-0.5199,-1.4336,-0.1954,-1.6234,0
170,-0.6139,-0.5442,-1.5715,-1.2114,-2.0072,-0.7936,-1.8327,0.0713,-3.6229,-1.1506,-0.5933,-0.8712,2.0583,-1.8512,-1.4475,-2.1736,0
171,-1.4735,-0.188,-2.5461,-1.7959,-2.522,-0.9414,-1.6455,0.3365,-2.9275,-0.1285,-1.5028,-2.0284,2.771,-1.5778,0.4157,-2.136,0
172,-1.2988,-0.4921,-1.8611,-0.733,-0.0273,0.62,-1.389,0.9633,-1.4909,-0.2654,-1.2046,0.4908,-0.0317,-1.7495,0.5215,-0.5386,0
173,-0.5704,0.582,-1.7621,-0.9952,-2.6853,-1.1378,-2.2795,-0.8416,-2.4096,-0.5568,-1.148,-1.3859,1.7551,-1.7512,-1.303,-1.9681,0
174,-2.636,-0.3751,-2.1922,-1.841,-0.958,-0.7562,-1.9585,-0.2116,-3.5823,0.007,-2.1511,-1.9725,1.6951,-1.5049,-0.9682,-2.2727,0
175,-2.2718,-0.4569,-2.9266,-1.776,-2.7827,-1.1244,-1.9512,-0.8194,-3.7847,-0.6264,-0.9016,-1.9039,1.576,-1.5066,-2.3872,-2.3874,0
176,-1.4691,-0.3914,-1.9809,-2.8834,-3.0473,-1.1987,-1.5335,-0.8052,0.1472,-0.6327,-1.1411,-1.0827,-0.3589,-1.2585,-1.5061,-1.4977,0
177,-0.6962,-0.5839,-1.1353,-0.4537,-2.3913,-1.2173,-1.966,-0.1767,-3.148,-1.1879,-0.405,-0.2525,1.6148,-2.0972,-1.3533,-1.8507,0
178,-0.6295,-0.7539,-0.365,-0.8603,0.6091,-1.1382,-1.4401,0.8122,-3.0622,-0.4113,0.3342,-2.4194,-0.3017,-1.6481,0.9099,-0.8346,0
179,-0.856,-0.31,-2.8399,-1.1754,-3.1951,-1.2288,-1.4715,-0.9166,-2.5596,-0.8365,-0.9135,-0.944,0.6139,-1.1134,-1.5784,-2.6046,0
180,-1.4338,-0.262,-2.1875,-1.1713,-4.2818,-0.9239,-1.4843,-0.1222,-2.8602,-1.0414,-1.0748,-1.4789,1.0026,-1.397,-0.8715,-2.4204,0
181,0.1186,-0.3483,-1.5146,2.4806,0.8337,-0.4614,-1.2021,-1.4195,-2.6683,-1.3676,-0.5575,-0.5331,-0.2206,-2.1322,-1.7198,-1.7619,0
182,-1.0534,-0.6261,-0.9198,0.6802,-3.8748,-1.6085,-0.9162,0.2921,-4.3726,-1.0244,-0.3619,-1.9089,1.0974,-1.8303,-2.1263,-1.4687,0
183,-0.6785,-0.796,-1.0805,1.2653,-0.1189,-1.4003,-1.865,-0.1153,-2.489,-1.0098,-0.268,-0.1741,2.1053,-1.735,-0.8919,-2.0024,0
184,-1.3197,-0.6156,-0.2391,-1.4837,1.1865,-0.4409,-1.5571,-0.9964,-0.0285,2.2427,-1.4513,-1.5998,0.0471,-1.3309,-1.7224,-2.5932,0
185,0.0305,-0.1887,0.4013,3.7452,2.7793,-1.1968,-0.9651,0.439,-3.5957,-0.2492,1.4992,3.0477,2.3626,-2.1226,0.9227,0.2318,0
186,1.6747,-0.564,0.5841,2.9714,3.4898,0.9134,-0.3142,2.5342,-0.2309,-0.1254,2.4421,0.32,2.6758,-2.1951,2.8034,-1.1193,0
187,-0.5125,-0.6915,-0.0566,2.4895,-1.2637,0.1918,-1.1892,-0.0113,-3.4272,-0.2864,-0.3654,-1.1949,1.7694,-2.0196,-1.1919,-2.1545,0
188,-0.0434,-0.4765,-0.694,-0.0571,3.3988,-0.4435,0.191,0.1978,0.3128,-0.0977,1.3189,-0.1633,-0.5992,-1.5087,-0.2053,0.0054,0
189,-1.4649,-0.6271,-2.315,-1.5783,-2.2717,-1.1756,-1.689,-0.8633,-2.678,-0.7467,-1.3178,-2.4301,1.3953,-2.0186,-1.961,-2.1215,0
190,-1.3114,-0.5892,-1.1783,1.5082,-1.5194,0.2499,-1.3105,-1.2908,-3.0108,-0.9062,-0.4685,-1.8664,-0.6694,-1.3806,0.0944,-1.9788,0
191,-0.2609,-0.4078,-0.7449,1.2012,1.6101,0.0227,-1.5776,-0.0442,-2.8488,-0.8039,-0.5552,-0.9189,1.8952,0.3302,-2.3472,-1.1604,0
192,-1.4066,-0.2667,-1.1529,-0.8201,-0.9105,-0.6521,-1.2759,-0.369,-3.5006,-0.1289,-1.2434,-2.1221,1.4791,-1.6812,-0.4336,-2.2373,0
193,-0.1882,-0.4148,-0.7672,0.798,-0.43,-1.0108,-1.6225,0.4551,-3.3662,-0.5354,-0.1226,-1.294,2.4445,-1.7541,-0.1493,-1.0166,0
194,-1.1179,-0.5096,-1.0763,1.0998,-3.3154,-0.7625,-1.2751,1.0231,-2.7795,-1.2894,-0.061,-1.1075,1.4364,-1.4934,0.0749,-1.5974,0
195,-1.292,-0.3998,-1.8952,-0.1394,-0.9656,-0.0346,-1.347,-0.1645,-1.9619,-0.5161,-0.4417,-0.3335,-0.2653,-1.4016,1.0072,-0.0822,0
196,-0.6573,-0.8124,-1.2529,1.2102,-2.7066,-0.9749,-1.934,-0.204,-2.504,-1.4018,-1.4646,-1.3195,1.3471,-1.474,-0.7116,-1.3129,0
197,-0.2376,-0.4451,-1.4446,-0.3672,-0.7443,-0.0315,-0.5814,-1.1362,-1.9426,-0.5916,-0.3718,-0.6935,-1.0796,-2.0103,-0.6987,-1.8599,0
198,-1.3251,-0.8196,-0.9908,-0.365,-2.8008,-0.1153,-1.1756,0.1899,-2.7087,-1.3098,-0.7689,-2.2084,1.4558,-1.2349,-1.1718,-2.0619,0
199,-1.6137,-0.3911,-1.3302,0.2889,-0.8064,-1.0597,-2.0861,0.1509,-3.1013,-1.2411,-0.5585,-1.686,0.8739,-1.6803,-1.1687,-3.3895,0
200,-1.8651,-0.4731,-1.9212,-2.8218,-3.8067,-1.3903,-1.7077,-1.1547,-2.6473,-0.7662,-1.4197,-1.2227,0.9452,-2.2288,-1.7661,-1.5023,0
201,0.0933,-0.3805,-1.8158,0.272,-3.4146,-0.7961,-1.119,0.2501,-2.7088,-1.4931,-1.039,-0.6734,2.7236,-1.5739,-0.9532,-2.1389,0
202,-0.6135,-0.5498,-0.7748,0.5298,-2.9519,-0.6377,-1.4137,0.5963,-3.2108,-0.6131,-0.0838,-1.9877,2.6078,-2.1094,-1.9706,-2.4532,0
203,0.6958,-0.1674,-0.5345,1.6266,2.7033,-0.3354,-0.1019,0.7475,-2.3413,-0.5072,-0.9221,4.0274,0.3449,-1.8517,1.1923,-2.691,0
204,-0.1664,-0.5747,-1.61,-0.4849,-0.4235,-0.4408,-1.2436,1.4174,-3.1532,0.4312,-0.2801,-1.713,2.1524,-1.6594,-0.5128,1.3561,0
205,-1.0373,-0.6316,-0.81,-0.6938,-3.9614,-1.6611,-0.7931,0.0446,-2.7786,-1.0263,0.6007,-1.9656,1.0624,-1.645,-1.3018,-1.7102,0
206,-0.7965,-0.5231,-1.2792,2.0517,-3.0774,-0.699,-1.5897,-0.5289,-2.9943,-0.5553,-0.8075,-1.1185,0.6333,-1.4657,-0.6518,-0.2482,0
207,1.3901,-0.562,-0.2437,4.6708,1.5726,-0.4811,-0.6907,0.6561,-2.6347,-0.5437,0.8774,6.0037,3.1311,-1.9008,0.146,1.3828,0
208,-0.1571,-0.8339,-1.2449,1.5612,-1.9752,-0.7525,-1.1707,-0.2494,-2.4411,-1.1468,-0.2362,2.2262,2.4901,-1.6791,-1.8198,-1.6762,0
209,-0.8672,-0.7159,-1.3606,0.2864,-2.3757,-0.8904,-1.2595,-0.3745,-3.6464,-1.23,-1.1716,0.4152,3.0686,-1.3473,-1.6364,-1.9502,0
210,-0.7055,-0.6415,-1.0947,0.5518,-3.1132,-1.4545,-1.3587,-0.1474,-2.6642,-0.8318,0.1072,-0.8722,2.1872,-2.3873,-1.1047,-1.3141,0
211,-1.4486,-0.5845,-2.1916,-1.4268,-2.5269,-1.7148,-1.4362,-0.5546,-0.0782,-0.8878,1.1996,0.3339,0.0293,-1.6645,-1.5249,-2.0374,0
212,-0.3477,-0.595,-0.1687,2.1315,-3.1159,-1.0023,-1.0692,-0.0412,-3.1988,-0.1994,0.5521,-0.1436,2.8981,-1.6357,-0.2048,-1.5841,0
213,-0.9727,-0.4744,-2.1068,0.3907,0.6519,0.0635,-0.7957,0.8393,-2.7781,-0.5522,-0.3198,-0.3392,1.907,-1.4466,1.0674,-1.8495,0
214,-1.8281,-0.3995,-0.8768,-0.0682,-4.7316,-1.5555,-2.1619,-0.1451,-3.9396,-2.022,-0.9474,-1.9127,2.1551,-1.7191,-1.8769,-2.3257,0
215,-1.1032,-0.2898,-2.2475,-0.4441,-2.1864,-1.1417,-1.6358,0.2138,-3.4662,0.0296,-1.2171,-0.9349,2.086,-1.1758,-1.7206,-2.1518,0
216,-1.2955,-0.431,-1.4441,-0.8834,-1.9531,-1.3092,-1.8185,-0.1915,-2.3473,-1.3945,-0.6925,-0.9349,1.1049,-1.6537,-2.3948,-1.8051,0
217,-0.9846,-0.2308,-1.5023,-0.2661,2.1569,-0.8775,-1.4353,0.3311,-3.089,-0.4406,-1.0519,-1.3226,1.5912,3.38,-0.0627,-1.6532,0
218,-1.7186,-0.4885,-2.7315,-2.2283,-3.6474,-1.4984,-2.2658,-0.8951,-3.0874,-1.5697,-1.4796,-2.609,1.7729,-1.8813,-1.3403,-3.0713,0
219,-0.7024,-0.4121,-2.1561,-0.9677,2.6352,-0.821,-1.2119,-0.9024,-1.6118,-1.2405,-1.6213,-0.1068,-0.1782,-1.5387,-0.5984,-0.4295,0
220,-1.255,-0.5011,-0.7432,-1.5938,-0.017,-0.4761,-1.9784,-0.8111,5.1052,0.4989,-0.5163,-1.0168,0.2848,-1.5613,-2.973,-1.725,0
221,-1.4817,-0.4679,-1.3642,-0.1744,-1.6932,0.0507,-1.4573,-0.1376,-3.3676,-0.2784,-0.6588,1.2133,-0.3808,-1.2815,-0.5366,0.014,0
222,-0.3843,-0.2813,0.468,1.1433,2.5095,0.3606,-0.5424,0.5166,0.3506,0.5374,1.8225,-0.869,1.4501,-2.0356,0.6575,-0.0208,0
223,-0.6269,-0.2138,-1.8849,1.4842,-3.8096,-1.347,-1.5945,-0.2922,-0.8487,-1.6357,-1.2969,-1.4903,2.8568,-1.5756,-0.7019,0.266,0
224,-0.9812,-0.6715,-1.4176,-0.9386,0.2156,-0.1502,-0.2502,-0.1186,-1.7369,0.6882,0.2181,-0.8512,-0.8881,-1.6594,0.6627,0.6285,0
225,-2.0347,-0.3136,-1.2873,0.7062,-0.9566,-1.0638,-1.4042,-0.3725,-2.6226,-0.8353,-0.207,1.2416,2.5654,-2.0034,-1.6607,-1.7473,0
226,1.4679,-0.4264,-0.8339,4.8613,2.609,-0.0109,-0.3053,1.5526,-1.6417,-1.2491,1.85,1.4402,5.8376,-1.8844,2.1852,-0.3393,0
227,-0.1944,-0.4343,-0.9811,-0.4097,-0.6744,-0.8144,-1.2999,0.3855,-2.5467,4.5131,-0.9173,1.7674,-0.0121,-1.8535,0.5495,-0.6117,0
228,-1.0393,-0.5479,-1.3188,0.0615,-1.774,-1.8699,-1.6659,-0.6808,-2.8274,-0.9178,0.015,-1.3909,1.0133,-1.7614,-1.9041,-0.3792,0
229,-0.7627,-0.5404,0.5147,0.8759,3.8243,-0.4767,-1.7378,-0.5682,1.4702,0.4727,4.8475,-1.9408,-0.8053,-1.8182,2.0649,-1.3295,0
230,-0.8286,2.5645,-1.1725,0.7918,-0.968,0.0161,-1.0936,-0.2724,-2.3409,0.0757,0.1138,0.4009,0.6118,-1.6095,-0.9737,0.3587,0
231,-2.6115,-0.5546,-2.3314,1.8826,-0.9322,-0.1819,-1.255,-1.9657,-3.5048,-0.6364,-1.2688,0.7611,-0.2257,-1.6739,-0.9284,-0.9199,0
232,-1.3318,-0.8264,-1.0792,1.3888,-1.9092,-0.8314,-1.8692,0.2068,-3.8091,-0.8467,0.0791,-0.804,2.2669,-1.7848,-1.5299,-1.5679,0
233,0.7656,-0.4053,-0.7431,0.9492,-2.2348,0.2124,-1.2705,-0.1929,1.0175,-1.3564,-0.1659,1.6618,1.628,-1.9252,-1.9186,-1.9356,0
234,-2.0142,-0.1656,-1.731,-1.7673,-2.2783,-0.7276,-2.1785,-0.8687,-3.2377,-0.6322,-1.5571,0.6538,1.1903,-1.4996,-0.909,-2.3302,0
235,-0.0721,0.0985,0.7195,2.2726,-0.0391,-1.0886,-1.2426,-0.4788,-2.9179,-0.63,-1.2983,-1.035,0.936,-1.5563,-1.5282,-1.4815,0
236,2.6896,2.5832,-0.4082,4.6509,1.6913,0.3109,-0.0933,0.7904,0.3368,-0.1255,2.725,1.9989,2.2767,-0.271,0.452,-0.666,0
237,-0.7652,-0.439,-1.2503,-1.0424,-1.5824,-0.8605,-1.9159,-1.0683,-2.4148,-1.0105,-0.2255,-1.4486,1.1609,-2.0438,-2.1372,-1.3697,0
238,-0.3356,-0.6015,-0.2817,1.4132,-1.8141,0.0784,-0.9587,0.9145,-2.2551,-0.2471,-1.1252,-1.5968,0.2902,-1.8395,-0.095,-0.0376,0
239,0.4135,-0.4727,-1.2879,0.6413,-3.6446,-2.0368,-1.6386,-0.3167,-2.132,-0.5995,-0.1943,0.8123,2.6219,-1.7648,-0.2284,-2.1102,0
240,-0.3699,-0.1342,-3.0033,-1.5509,-3.1896,-1.6885,-1.9488,-0.0821,-3.2733,-0.1002,-0.6939,-0.9905,1.8009,-1.6799,-0.6727,-2.4452,0
241,-0.1093,-0.7449,-1.9052,-1.6307,-0.7969,-0.4354,-1.5345,0.7393,-3.3902,-0.6093,-0.3747,-1.2203,2.9069,-1.8927,0.1474,-2.4727,0
242,0.555,-0.6592,0.3401,3.0085,1.7304,0.0086,0.0619,1.9002,-2.5673,-0.557,1.1762,-0.0762,1.3727,-1.5636,-0.8709,1.5284,0
243,0.5111,1.3307,-0.6932,2.9727,0.1968,-0.2354,-1.6566,-0.7789,-0.811,-0.6041,-0.5926,2.7181,1.1551,-1.8714,-2.0206,-1.28,0
244,0.2677,-0.4372,-0.9605,2.6116,-1.4535,-0.4347,-1.0235,-0.2636,-2.6305,-0.7385,1.1418,-0.1737,-0.3174,-1.5299,-1.6124,-1.2362,0
245,-0.5627,-0.5534,-0.8952,0.5446,-1.4303,-0.8332,-1.1731,-0.7485,-0.0568,-0.7427,-0.3912,-0.6017,3.5619,-1.2157,-0.4176,-1.3727,0
246,-0.2915,-0.7799,-0.9838,1.1697,-0.4202,0.9013,-1.1233,-0.1645,-2.608,-0.5533,0.2014,-0.3556,2.1647,-1.7909,0.9284,-1.4503,0
247,-0.5135,-0.165,-1.4075,0.6623,-1.6966,-0.4319,-1.573,-0.4968,-2.6335,-1.3918,-0.8741,-0.2372,1.5431,-1.3332,-0.0481,-1.4376,0
248,-0.5046,-0.5012,-1.8722,-1.1925,0.3122,-0.6106,-1.2259,-1.5193,-2.1697,-1.6883,-0.322,-1.7346,-1.8496,-1.8293,-0.7045,-0.9607,0
249,0.2641,-0.1674,0.6436,4.3201,4.6327,-1.9582,-1.0468,0.4157,-0.8629,-0.7682,3.0223,1.8237,3.5385,-2.5614,-0.4167,0.7917,0
250,-1.1351,-0.843,-1.2098,-0.9551,-1.5511,-1.5802,-1.8621,0.03,-2.8918,-0.8327,-1.595,-0.9601,2.3826,-1.5742,0.2613,-2.683,0
251,-2.0924,0.329,-1.0629,-2.2481,-0.7355,-0.622,-2.1643,-1.9511,-2.4601,-0.9609,-1.3351,-0.0516,-0.7229,-1.2689,-1.8177,-0.9196,0
252,-2.7021,-0.5403,-1.1822,-0.3987,-2.5369,-0.6082,-1.9117,-0.479,-3.1402,-0.2409,-1.146,-1.9024,-0.0977,-1.5508,-0.7994,-0.8382,0
253,-0.8558,-0.3982,-1.7508,4.8389,1.0442,-0.4913,-1.281,0.4336,-2.5737,-0.5507,0.7578,-1.5352,2.5581,1.3422,-0.1961,-1.3867,0
254,-0.1336,0.1711,-1.9804,3.262,2.1096,-1.5474,-0.4133,-0.1051,-2.6754,-0.6321,-0.4037,-0.5491,1.7707,-1.6107,-1.8355,-0.3358,0
255,-0.1864,-0.4079,-0.5182,-0.5266,2.0131,0.0641,-0.0177,-0.1334,-1.5382,-0.2971,-0.292,0.782,-0.2147,-1.7809,-0.522,-0.8892,0
256,-0.2284,-0.4426,-0.7444,0.9168,1.0716,1.1843,-1.8358,-1.449,-2.2259,-0.5286,0.9662,1.5133,1.4482,-1.8934,0.6449,-1.4814,0
257,1.4447,-0.2002,0.157,2.5641,0.6475,3.2035,0.2823,0.6889,0.2696,1.4769,2.6497,2.1509,0.7849,-1.9301,0.9179,0.3014,0
258,-0.8134,-0.639,-1.0758,1.4685,-3.7066,-0.5045,-2.0648,-0.1105,-2.6306,-0.6821,-0.2982,-1.1021,2.357,-1.5134,-1.1212,-1.6773,0
259,0.1141,6.8982,-0.8958,1.8321,0.1372,-0.3588,-1.2421,0.0154,-1.6081,-0.7102,0.5266,1.2085,2.5476,-2.2248,-0.3957,-0.0211,0
260,-0.2236,-0.4767,-0.5249,0.1588,0.1426,-0.3863,-0.2906,-0.2822,-2.2416,-0.1813,-0.2943,-0.939,1.1111,-1.1679,-1.6236,-1.6413,0
261,-1.9027,-0.6979,-1.4821,-1.8721,-1.0768,-0.9641,-1.8042,-0.3817,-3.3289,-0.4431,-1.1821,-0.8217,2.3958,-2.1044,-1.3773,-2.59,0
262,-1.3687,-0.5469,-3.3479,-2.5068,-0.919,-1.3532,-2.1215,-2.0829,-4.3396,-1.2435,-2.4139,-2.3699,-0.9047,-1.7316,-0.7971,-2.5395,0
263,-1.7299,-0.1739,-0.4802,0.2665,-0.1671,-0.1035,-0.8129,1.6869,-2.1758,0.1384,-1.4115,-0.9989,0.2235,-1.7892,-0.4166,-1.2562,0
264,0.8903,-0.2912,-0.5667,3.7588,1.4541,0.4032,-1.4901,0.0305,-1.306,-0.3605,0.3554,0.2681,2.8445,-1.837,-0.9749,-0.9806,0
265,-0.2119,-0.6262,-1.3233,1.6836,-0.9862,-1.0501,-1.5867,0.256,-3.3393,-1.103,-0.577,-0.7369,0.6061,-2.0629,-0.9649,-1.8882,0
266,-1.6629,-0.3858,-2.7121,-0.7572,-0.3525,-0.1924,-1.5041,-0.4679,-2.6623,-0.5315,-1.1682,-0.1907,1.7018,-1.4926,-0.6773,-2.182,0
267,-1.4583,-0.4084,-1.0495,0.3367,1.0082,0.2597,-1.0019,0.1422,-2.8587,-1.1682,-0.8643,-0.7132,1.1259,-1.9723,-1.8825,-1.8288,0
268,-0.4597,-0.6894,-1.6734,0.991,-1.2352,-1.1815,-1.9424,-1.7074,-1.7306,-0.9569,0.2154,-0.6754,0.8752,-1.6554,-1.0684,-2.1164,0
269,0.2919,-0.5712,-1.037,0.027,-2.9999,-0.3481,-1.3572,-0.0042,-3.2044,-0.959,0.2312,0.1305,1.8217,-1.6849,-1.0475,-1.6649,0
270,1.3796,-0.3759,0.238,2.1117,-1.4135,-0.6504,-1.3006,-0.2948,-1.1579,-0.3051,0.2213,0.0172,2.1084,-1.8385,-1.2686,-1.0788,0
271,-0.9573,-0.5167,-2.4556,-0.3474,0.6179,-1.582,-1.046,-1.499,-2.6518,-1.1169,1.017,-1.2349,-0.7129,-1.4351,5.2428,0.641,0
272,-1.2665,-0.3792,-1.787,-0.3752,1.1059,-1.565,-1.7686,0.4285,-3.5773,-0.9536,-1.4633,-2.631,2.4462,-1.6648,-0.9808,-2.9659,0
273,-0.4502,0.8684,-0.8831,2.8627,2.7295,-0.5791,-1.3196,-0.7689,-1.8981,-1.407,1.3804,-0.429,1.3854,-2.1853,-1.2762,-2.042,0
274,0.6564,-0.3458,-0.9811,1.3728,-0.1535,0.1148,-1.5383,0.682,-2.4504,-0.4054,-0.5443,-0.2656,2.2515,-1.8708,1.027,-0.623,0
275,-1.1311,-0.3347,-0.5854,-0.0675,-1.6841,-0.4094,-1.4195,0.4057,-2.4063,-0.1113,-0.4043,-0.6307,0.509,-1.5179,-1.8045,-1.2257,0
276,-2.3532,-0.5445,-1.16,-2.2758,-1.6818,-0.9785,-2.0824,-1.5254,-2.4279,-1.0044,-1.1523,-2.1068,-0.7053,-1.5013,-1.9705,0.2556,0
277,-0.646,-0.4362,-0.8461,0.4965,-3.1369,-1.7963,-1.5757,-0.3901,-3.0093,-1.103,0.1105,-1.9259,3.0238,-1.2617,-0.9486,-1.9615,0
278,-0.4042,-0.5202,-2.9564,-1.7202,-2.5137,-1.2423,-1.4745,-0.7967,-3.3701,-0.7045,-1.0771,-1.6704,1.6623,-2.2972,-1.1831,-1.8903,0
279,-0.8023,-0.2841,-0.6673,0.7426,-0.6022,-0.9795,-1.4738,-0.4422,-2.5622,-0.4925,-0.9144,3.0019,0.3163,-1.7734,-0.7536,-1.5284,0
280,-0.1939,-0.42,-1.2806,1.2269,-1.3096,-0.2105,-1.2575,0.1489,-2.4805,-1.378,0.4446,-1.4289,3.2536,-1.3076,-2.2363,-1.0064,0
281,0.0558,-0.7117,-0.4157,1.7551,-0.3796,-0.7096,-1.293,0.2526,-3.0319,0.4749,0.4536,-2.297,3.8003,-1.653,-1.3892,0.9456,0
282,-0.1434,0.0733,0.0507,0.7772,0.3608,0.4527,-0.2349,1.9423,-1.8301,1.4713,0.1676,0.9806,2.9746,-1.8207,-0.9124,1.9186,0
283,-1.3421,-0.6361,-1.4618,-1.6901,-1.9883,-0.8989,-1.3749,-1.4899,-3.2899,-1.0732,-0.0779,-1.372,-0.3306,-1.6152,1.6805,-0.7999,0
284,-1.0217,-0.4396,-0.7798,-1.8826,-1.4758,-0.9824,-1.185,-0.5558,-2.4011,0.0331,-1.1465,-2.0804,-0.0293,-1.8238,-1.8455,-1.6067,0
285,-1.7152,-0.8635,-1.6056,-1.8777,1.1584,0.2623,-1.351,-0.4192,-1.2063,-0.4487,-1.3392,-0.7965,1.7253,-1.6701,-1.8469,-1.7769,0
286,-0.6513,-0.5786,-0.7962,1.8701,-0.2403,0.1511,-0.5164,-0.1701,-2.632,-1.4066,-1.0559,-1.8628,0.4909,-1.919,-1.2494,0.0735,0
287,-0.8048,-0.6472,-1.0509,0.9275,-1.1685,-1.3855,-1.4051,0.0724,-3.8421,-1.1898,-0.532,-1.6582,0.9426,-1.4723,-0.7069,-1.4617,0
288,-0.7661,-0.676,-0.8264,-0.1743,-2.6678,-1.3203,-1.5304,0.0941,-2.6639,0.5662,-1.0062,-2.4216,3.7558,-1.7053,-1.5811,-1.9708,0
289,-1.8937,-0.3121,-2.667,0.5301,2.649,-0.7904,-1.5382,-0.5087,4.1672,-0.4419,-0.538,-0.4733,-0.4447,-1.9121,-1.152,-2.5807,0
290,-0.8202,-0.4578,-0.2834,1.8078,0.5349,-0.0877,-1.3011,-0.1645,-2.5152,-0.221,-0.0854,-1.2557,1.8404,-1.751,-2.0257,-1.3954,0
291,-0.3374,-0.4138,-0.1271,2.7839,-2.5961,-1.3465,-1.5784,-0.5982,-2.8877,-1.645,-0.3551,-0.5979,0.3884,-1.5349,-0.96,-1.7137,0
292,-0.8306,-0.6892,-2.247,-1.6856,-0.9933,-0.9906,-1.2246,-0.8478,-3.3497,-1.2802,-0.9493,-1.6455,0.109,-2.0011,0.77,-2.2534,0
293,-1.3511,-0.3626,-1.473,0.2632,-2.3903,-0.3812,-1.653,-0.0297,-3.8112,-0.1937,-1.0269,-0.8771,1.8956,-1.4486,-1.7072,-1.9853,0
294,-0.8381,-0.5965,-1.126,-1.5538,-2.0067,-1.6829,-1.8713,-0.6992,-2.6256,-1.3711,-1.4356,-1.5593,1.2698,-1.5234,-2.1149,-2.2718,0
295,-0.0761,1.3244,-0.9995,1.7087,0.4409,0.0326,-0.7195,0.7845,-1.8268,1.0138,-0.251,-0.91,3.1387,-1.2908,1.4212,-0.2377,0
296,0.123,-0.5311,-0.2956,0.4351,0.2596,-0.6654,-0.3604,0.3629,-0.8565,0.6649,0.7121,0.2987,3.1851,-1.6363,-1.2606,-1.2168,0
297,-0.2008,0.1849,-1.3379,1.1945,-0.7251,0.5595,-1.2869,-0.3666,-2.8973,-0.6202,-1.4749,0.2963,1.46,-1.7611,-0.095,-2.0489,0
298,-2.0454,-0.5367,-4.2591,-1.4254,-4.2119,-0.8873,-1.4283,-1.6527,-4.0949,-1.4796,-1.2059,-0.8368,-0.8884,-1.4808,-0.7367,-2.3928,0
299,-0.4117,-0.2992,-0.1225,2.081,-0.7938,0.035,-1.0356,0.0948,-2.9733,-0.8921,-0.3943,-0.9185,1.4619,-1.7612,-0.6777,-0.1327,0
300,-1.4788,0.2499,-1.5625,-0.5413,-1.6961,-0.2783,-1.3658,-0.4578,-4.2842,-0.8572,-0.7358,-0.3089,2.5219,-1.5361,-1.728,-1.3289,1
301,-0.1199,1.0006,-0.3956,2.3744,0.916,-0.8727,-1.2928,0.4496,-2.797,-0.7167,0.2492,-0.7648,2.2736,-1.9267,-1.293,-1.5457,1
302,0.3971,1.2467,-0.1865,3.7423,0.6942,-0.5701,-0.6603,-0.429,0.7359,-0.9491,0.6477,1.7489,-0.1231,-2.051,1.0042,0.7337,1
303,-0.2267,-0.612,-0.9457,-0.9349,2.0861,1.0051,-0.5264,1.1119,-0.6645,0.14,0.0309,-0.7026,1.7407,-1.4936,4.271,-1.1411,1
304,-1.1703,5.2078,-0.9882,-0.1269,2.0738,-0.6312,-0.9107,-0.3331,-1.901,-0.5881,-0.0671,1.4209,1.8348,-1.58,1.0018,1.2965,1
305,-0.1655,-0.6776,-1.0409,1.0319,1.2613,-0.6438,-1.2467,-0.8216,-2.6234,-2.1198,-0.3764,-0.317,-0.4678,-1.5074,-0.7777,0.1129,1
306,-0.3173,-0.4551,0.0064,3.4654,2.2664,-0.7275,-1.5926,0.0033,0.783,1.1434,0.2633,-0.4432,3.1786,-1.493,-0.3823,0.1339,1
307,-0.681,-0.5284,-0.267,3.033,0.4305,0.7766,-0.824,0.8349,-2.386,1.0817,-0.4539,0.2356,1.4966,-1.6971,0.8902,-1.0914,1
308,-0.0312,-0.5389,-0.6562,1.4563,2.8875,1.437,0.0431,0.7887,-1.4657,-0.3898,1.07,5.1099,1.3128,-1.2317,0.8112,-0.4369,1
309,0.3324,-0.4093,0.9256,0.9731,0.2866,0.0446,1.8799,0.9527,0.1264,-1.0575,0.0009,5.6295,-0.8058,-0.429,2.0805,0.6329,1
310,2.6956,0.5287,0.9504,4.4975,4.7982,0.3775,1.1901,2.4728,2.1857,1.7974,2.9389,0.5655,3.3047,-1.5254,2.8119,0.0035,1
311,-0.2454,-0.4966,0.2436,3.3268,3.4583,-0.5245,-0.2872,1.3253,-3.2553,-0.2153,1.6184,-1.8982,3.538,-1.6374,-0.834,-0.241,1
312,-0.1268,-0.3011,-1.0756,-0.1735,1.6857,-0.1688,-1.0755,0.284,-0.7654,0.4241,1.6595,0.5176,1.9938,-1.4444,3.6428,0.4174,1
313,-0.4822,0.5863,0.057,3.4129,2.1824,0.0769,-0.7349,0.1456,-1.2514,-0.4606,0.9809,2.4893,1.1641,-1.7168,2.9789,0.1196,1
314,-0.3457,-0.5093,-0.3362,3.0675,2.0307,-0.4493,-1.7367,-0.7954,-1.9053,4.8487,0.5496,1.2624,-0.1527,-1.7896,-1.8018,-0.6587,1
315,-0.4525,0.129,-2.1206,1.0462,1.1066,-0.8922,-0.4923,1.4779,-2.4714,-0.4231,0.1294,1.2068,3.6091,-1.4634,1.7462,0.1842,1
316,1.8613,-0.684,3.112,1.2924,2.1862,0.2367,1.9734,3.7989,-0.822,4.3499,2.794,5.5642,2.0744,-0.7886,-0.161,2.7754,1
317,0.706,-0.1071,0.1364,1.0797,0.4747,-1.3886,0.2125,-0.0049,-0.7738,-0.6043,0.5661,3.1341,1.4077,-1.2913,0.9467,0.2672,1
318,-0.8179,1.5411,-0.8517,2.5885,0.6221,-1.0272,-1.7744,-0.7702,-2.2922,-0.6898,-0.1993,0.7016,3.9248,-1.9446,-1.2963,0.1722,1
319,-0.1862,-0.3054,-0.5854,-1.2033,0.6362,8.782,-1.2151,-0.3721,-1.2535,-0.4846,1.1592,-0.4189,-0.7151,-1.2333,-1.032,-0.0193,1
320,1.0852,-0.5514,1.4237,1.3841,2.7828,0.7103,-0.3832,1.6662,-0.104,1.0785,4.3898,-0.7026,2.1816,-1.8956,2.9356,1.1661,1
321,-0.1362,-0.2398,-0.5965,0.8616,-0.2657,0.546,-1.2235,-0.4627,-0.6489,1.1579,-0.2343,0.0355,0.0667,-1.7521,-1.472,-0.0923,1
322,1.0962,-0.4926,-0.3273,3.7999,3.1437,1.2795,0.0035,1.5873,0.0519,1.1098,1.2751,0.4695,3.5748,-1.9756,0.6027,-0.6469,1
323,-0.9744,-0.3746,-1.0927,0.2884,-1.7484,-0.9873,-1.4731,-0.7883,-2.6826,-1.2473,-0.4534,3.5062,0.3366,-1.0407,-0.9271,0.5213,1
324,0.4424,1.6089,-1.0173,-0.5175,3.5139,0.405,-0.2074,-0.2291,-1.6508,0.4858,-1.3455,2.7313,0.6151,-1.3179,1.324,-1.0597,1
325,-1.0623,-0.4779,-1.4709,-0.8984,1.1069,0.232,-0.7662,0.8127,-0.7977,-0.5795,-0.5249,-0.9876,-0.8975,-1.4619,0.8627,0.4132,1
326,-0.1072,-0.1355,-1.4523,0.3528,-0.4777,-0.7687,-1.2971,0.0117,-2.1674,-0.1798,-0.7768,-1.7154,2.8853,-1.667,0.7799,-1.0091,1
327,0.842,-0.2589,-0.382,2.9916,3.1388,0.1786,-0.4985,1.2174,-0.4623,1.5895,3.0761,1.5323,4.0369,-1.5406,3.7128,0.1431,1
328,1.3821,-0.3704,0.5033,3.3264,2.5116,-0.1316,-1.0352,-0.7279,-1.2957,-0.1973,3.8266,-0.6327,0.3639,2.4076,2.2019,-0.7045,1
329,0.6167,-0.3265,-0.796,1.7968,1.0497,0.406,-0.805,1.1415,-3.2083,0.1705,0.2057,-0.1362,3.5637,-1.6306,0.4751,-0.0404,1
330,0.4996,-0.7934,0.2837,1.5541,2.4033,0.2414,-0.2737,0.8726,-1.0902,0.8827,2.7772,-1.385,0.7455,-1.5916,1.7791,1.4798,1
331,1.6778,-0.4078,0.8096,5.1411,2.793,0.7328,0.3562,0.814,5.4988,0.8894,3.3672,2.5554,3.7633,-1.7978,0.4361,0.6061,1
332,-2.3686,-0.6952,-1.6187,-2.2315,-2.773,-1.9605,-1.7962,-0.4769,-1.8411,-1.5777,-0.8906,-1.8216,-0.3104,-1.8177,-1.9502,0.6181,1
333,-0.2634,4.4864,-0.1374,1.2974,2.0194,1.3702,0.4592,1.4091,0.2292,5.6867,0.1199,1.6056,-0.7914,-1.3124,1.7063,-0.5389,1
334,1.1478,4.0726,0.8353,3.2954,-1.8295,-0.4265,-1.2515,0.0586,-2.2021,0.1317,1.8152,0.8893,3.3935,-1.4778,-1.4101,-0.6206,1
335,0.1657,-0.3644,-0.5479,2.9659,-1.0306,-0.5282,-0.9465,0.8714,-3.9365,-0.4259,0.238,-0.3508,3.328,-1.79,-1.2618,0.2267,1
336,0.7853,0.2041,-0.1375,1.744,-1.9354,-0.6059,-1.1368,0.0229,-1.122,0.2688,0.4851,0.7852,2.3045,-1.7473,0.0351,0.7177,1
337,0.8496,-0.1947,-0.7805,3.8247,0.6115,3.8622,-0.2291,0.6798,-0.2847,0.772,1.1093,2.1214,-0.0261,-1.591,3.31,1.0332,1
338,1.0587,-0.4507,-0.6143,3.8261,-1.2372,0.6561,-0.5488,1.2785,-2.7011,-0.2237,0.8657,-0.7243,3.111,-1.2467,0.3844,1.2588,1
339,1.0832,0.3672,-0.5153,4.8704,2.1331,-0.4734,-0.3291,1.2499,1.4611,-0.7496,2.3867,0.9885,4.6828,-1.5731,1.1664,1.8874,1
340,-1.4993,1.7721,-1.1205,1.8062,0.126,-0.1533,-1.5509,-0.5822,-1.8811,-0.2958,-0.8692,0.1633,-0.6818,-1.4958,-0.7645,-2.4301,1
341,-0.8065,-0.5824,0.1671,3.3035,0.722,-1.5574,-0.8855,0.5498,-2.1349,0.2983,1.5468,-0.648,2.6498,-1.6568,0.584,1.2652,1
342,0.6148,1.0917,-0.8618,1.6378,2.1902,1.0758,-1.4417,-0.0733,-1.7921,-0.7868,1.2397,0.5175,4.4556,-1.7761,-0.0589,-0.6997,1
343,2.0035,0.0548,-0.3938,4.4505,2.8681,0.8472,-0.1488,1.2853,2.0131,-0.0572,1.7518,-0.1014,4.7928,-1.3409,1.0035,-0.7984,1
